PASS free port 17841
PASS free port 47841
PASS 1024x768.closed.23-labels ["btn_a","btn_b","btn_x","btn_y","dpad_down","dpad_left","dpad_right","dpad_up","gyro","l1","l2","l4","l5","left_pad","left_stick","r1","r2","r4","r5","right_pad","right_stick","select","start"]
PASS 1024x768.closed.23-leaders ["btn_a","btn_b","btn_x","btn_y","dpad_down","dpad_left","dpad_right","dpad_up","gyro","l1","l2","l4","l5","left_pad","left_stick","r1","r2","r4","r5","right_pad","right_stick","select","start"]
PASS 1024x768.closed.23-shapes ["btn_a","btn_b","btn_x","btn_y","dpad_down","dpad_left","dpad_right","dpad_up","gyro","l1","l2","l4","l5","left_pad","left_stick","r1","r2","r4","r5","right_pad","right_stick","select","start"]
PASS 1024x768.closed.23-arrowheads ["btn_a","btn_b","btn_x","btn_y","dpad_down","dpad_left","dpad_right","dpad_up","gyro","l1","l2","l4","l5","left_pad","left_stick","r1","r2","r4","r5","right_pad","right_stick","select","start"]
PASS 1024x768.closed.label-overlaps []
PASS 1024x768.closed.leader-intersections []
PASS 1024x768.closed.own-edge.btn_a {"distance":0.000026174252525379416,"insideOther":[],"end":{"x":746.42031426019,"y":419.98015851653025}}
PASS 1024x768.closed.glyph-clear.btn_a []
PASS 1024x768.closed.leader-visible.btn_a {"points":[{"x":862.6713483146068,"y":436.25529535700764},{"x":746.42031426019,"y":419.98015851653025}]}
PASS 1024x768.closed.own-edge.btn_b {"distance":0.000012515635944509995,"insideOther":[],"end":{"x":768.799303890614,"y":396.7832861196682}}
PASS 1024x768.closed.glyph-clear.btn_b []
PASS 1024x768.closed.leader-visible.btn_b {"points":[{"x":862.6713483146068,"y":402.7031377728066},{"x":768.799303890614,"y":396.7832861196682}]}
PASS 1024x768.closed.own-edge.btn_x {"distance":0.00001971641279396863,"insideOther":[],"end":{"x":713.4112115638534,"y":406.74296124061846}}
PASS 1024x768.closed.glyph-clear.btn_x []
PASS 1024x768.closed.leader-visible.btn_x {"points":[{"x":865.5845726098908,"y":470.643065063248},{"x":713.4112115638534,"y":438.07359855451836},{"x":713.4112115638534,"y":406.74296124061846}]}
PASS 1024x768.closed.own-edge.btn_y {"distance":0.000026174252525379416,"insideOther":[],"end":{"x":746.42031426019,"y":373.436255380009}}
PASS 1024x768.closed.glyph-clear.btn_y []
PASS 1024x768.closed.leader-visible.btn_y {"points":[{"x":862.6713483146068,"y":370.18121886521243},{"x":746.42031426019,"y":373.436255380009}]}
PASS 1024x768.closed.own-edge.dpad_up {"distance":0.000012315614412727882,"insideOther":[],"end":{"x":279.25813587774496,"y":428.70394663149943}}
PASS 1024x768.closed.glyph-clear.dpad_up []
PASS 1024x768.closed.leader-visible.dpad_up {"points":[{"x":161.32865168539328,"y":415.8260470186726},{"x":279.25813587774496,"y":428.70394663149943}]}
PASS 1024x768.closed.own-edge.dpad_down {"distance":0.000012315614412727882,"insideOther":[],"end":{"x":279.25813587774496,"y":475.01601138454254}}
PASS 1024x768.closed.glyph-clear.dpad_down []
PASS 1024x768.closed.leader-visible.dpad_down {"points":[{"x":161.32865168539328,"y":482.61066973968394},{"x":279.25813587774496,"y":475.01601138454254}]}
PASS 1024x768.closed.own-edge.dpad_left {"distance":0.000005614891506411368,"insideOther":[],"end":{"x":257.4385737301259,"y":451.8487895436948}}
PASS 1024x768.closed.glyph-clear.dpad_left []
PASS 1024x768.closed.leader-visible.dpad_left {"points":[{"x":161.32865168539328,"y":449.42439544334843},{"x":257.4385737301259,"y":451.8487895436948}]}
PASS 1024x768.closed.own-edge.dpad_right {"distance":0.000008343757315287803,"insideOther":[],"end":{"x":310.5887579471431,"y":461.0121071347583}}
PASS 1024x768.closed.glyph-clear.dpad_right []
PASS 1024x768.closed.leader-visible.dpad_right {"points":[{"x":161.32865168539328,"y":522.6228526540464},{"x":310.5887579471431,"y":513.6028028909634},{"x":310.5887579471431,"y":461.0121071347583}]}
PASS 1024x768.closed.own-edge.left_stick {"distance":0.000001057256952208263,"insideOther":[],"end":{"x":308.9103382982118,"y":390.8390432636389}}
PASS 1024x768.closed.glyph-clear.left_stick []
PASS 1024x768.closed.leader-visible.left_stick {"points":[{"x":161.32865168539328,"y":375.64681485351105},{"x":308.9103382982118,"y":390.8390432636389}]}
PASS 1024x768.closed.own-edge.right_stick {"distance":0.000012244178151377128,"insideOther":[],"end":{"x":679.8426966292135,"y":417.3729980840219}}
PASS 1024x768.closed.glyph-clear.right_stick []
PASS 1024x768.closed.leader-visible.right_stick {"points":[{"x":894.5577239418745,"y":509.8063731389992},{"x":713.4112115638534,"y":443.66834596212436},{"x":679.8426966292135,"y":440.87097988057224},{"x":679.8426966292135,"y":417.3729980840219}]}
PASS 1024x768.closed.own-edge.l1 {"distance":0.0000215451815392953,"insideOther":[],"end":{"x":307.70367500219453,"y":337.9274507444003}}
PASS 1024x768.closed.glyph-clear.l1 []
PASS 1024x768.closed.leader-visible.l1 {"points":[{"x":267.7540250342437,"y":229.46910112359552},{"x":307.70367500219453,"y":337.9274507444003}]}
PASS 1024x768.closed.own-edge.r1 {"distance":0.0000215451815392953,"insideOther":[],"end":{"x":716.2963249978055,"y":337.9274507444003}}
PASS 1024x768.closed.glyph-clear.r1 []
PASS 1024x768.closed.leader-visible.r1 {"points":[{"x":756.2460054547599,"y":229.46910112359552},{"x":716.2963249978055,"y":337.9274507444003}]}
PASS 1024x768.closed.own-edge.l2 {"distance":0.000006157807206363941,"insideOther":[],"end":{"x":275.486554663726,"y":313.3105225152291}}
PASS 1024x768.closed.glyph-clear.l2 []
PASS 1024x768.closed.leader-visible.l2 {"points":[{"x":122.98232695047328,"y":229.46910112359552},{"x":275.486554663726,"y":313.3105225152291}]}
PASS 1024x768.closed.own-edge.r2 {"distance":0.000006157807206363941,"insideOther":[],"end":{"x":748.5134453362741,"y":313.3105225152291}}
PASS 1024x768.closed.glyph-clear.r2 []
PASS 1024x768.closed.leader-visible.r2 {"points":[{"x":901.0176730495268,"y":229.46910112359552},{"x":748.5134453362741,"y":313.3105225152291}]}
PASS 1024x768.closed.own-edge.l4 {"distance":0.00004483340831029636,"insideOther":[],"end":{"x":313.3921303624071,"y":551.0876913177833}}
PASS 1024x768.closed.glyph-clear.l4 []
PASS 1024x768.closed.leader-visible.l4 {"points":[{"x":131.0935757383425,"y":697.0308988764045},{"x":313.3921303624071,"y":551.0876913177833}]}
PASS 1024x768.closed.own-edge.l5 {"distance":0.000007657969035790302,"insideOther":[],"end":{"x":321.2771050099576,"y":590.250968904531}}
PASS 1024x768.closed.glyph-clear.l5 []
PASS 1024x768.closed.leader-visible.l5 {"points":[{"x":313.3059684381949,"y":697.0308988764045},{"x":321.2771050099576,"y":590.250968904531}]}
PASS 1024x768.closed.own-edge.r4 {"distance":0.00004483340831029636,"insideOther":[],"end":{"x":710.607869637593,"y":551.0876913177833}}
PASS 1024x768.closed.glyph-clear.r4 []
PASS 1024x768.closed.leader-visible.r4 {"points":[{"x":892.9064395061594,"y":697.0308988764045},{"x":710.607869637593,"y":551.0876913177833}]}
PASS 1024x768.closed.own-edge.r5 {"distance":0.000007657969035790302,"insideOther":[],"end":{"x":702.722925479046,"y":590.250968904531}}
PASS 1024x768.closed.glyph-clear.r5 []
PASS 1024x768.closed.leader-visible.r5 {"points":[{"x":710.6940315618051,"y":697.0308988764045},{"x":702.722925479046,"y":590.250968904531}]}
PASS 1024x768.closed.own-edge.start {"distance":0.0000035575266679188644,"insideOther":[],"end":{"x":689.0912309853773,"y":347.4385411551829}}
PASS 1024x768.closed.glyph-clear.start []
PASS 1024x768.closed.leader-visible.start {"points":[{"x":605.8319208952372,"y":229.46910112359552},{"x":689.0912309853773,"y":347.4385411551829}]}
PASS 1024x768.closed.own-edge.select {"distance":0.0000035575266679188644,"insideOther":[],"end":{"x":334.9087385256192,"y":347.4385411551829}}
PASS 1024x768.closed.glyph-clear.select []
PASS 1024x768.closed.leader-visible.select {"points":[{"x":418.16804861575923,"y":229.46910112359552},{"x":334.9087385256192,"y":347.4385411551829}]}
PASS 1024x768.closed.own-edge.left_pad {"distance":0.000005743476776842726,"insideOther":[],"end":{"x":349.7520660228943,"y":499.6159115051955}}
PASS 1024x768.closed.glyph-clear.left_pad []
PASS 1024x768.closed.leader-visible.left_pad {"points":[{"x":149.60014177529553,"y":551.7670472963026},{"x":282.6149751756075,"y":519.1975655430712},{"x":349.7520660228943,"y":519.1975655430712},{"x":349.7520660228943,"y":499.6159115051955}]}
PASS 1024x768.closed.own-edge.right_pad {"distance":0.000005743476776842726,"insideOther":[],"end":{"x":674.2479644661094,"y":499.6159115051955}}
PASS 1024x768.closed.glyph-clear.right_pad []
PASS 1024x768.closed.leader-visible.right_pad {"points":[{"x":870.5746468533291,"y":548.9696507257469},{"x":741.3849943353889,"y":519.1975655430712},{"x":674.2479644661094,"y":519.1975655430712},{"x":674.2479644661094,"y":499.6159115051955}]}
PASS 1024x768.closed.own-edge.gyro {"distance":0.0000048290924041793915,"insideOther":[],"end":{"x":512,"y":599.2025708545013}}
PASS 1024x768.closed.glyph-clear.gyro []
PASS 1024x768.closed.leader-visible.gyro {"points":[{"x":512,"y":697.0308988764045},{"x":512,"y":599.2025708545013}]}
PASS 1024x768.closed.inside-visible-pane []
PASS 1024x768.closed.labels-topmost []
PASS 1024x768.closed.labels-unwrapped []
PASS 1024x768.closed.no-page-or-pane-scroll [{"id":"HTML","width":1024,"height":768,"clientWidth":1024,"clientHeight":768,"top":0,"left":0},{"id":"BODY","width":1024,"height":768,"clientWidth":1024,"clientHeight":768,"top":0,"left":0},{"id":"tab-editor","width":1024,"height":595,"clientWidth":1024,"clientHeight":595,"top":0,"left":0},{"id":"controller-picture-scroll","width":1000,"height":534,"clientWidth":1000,"clientHeight":534,"top":0,"left":0}]
PASS 1024x768.open-btn_a.23-labels ["btn_a","btn_b","btn_x","btn_y","dpad_down","dpad_left","dpad_right","dpad_up","gyro","l1","l2","l4","l5","left_pad","left_stick","r1","r2","r4","r5","right_pad","right_stick","select","start"]
PASS 1024x768.open-btn_a.23-leaders ["btn_a","btn_b","btn_x","btn_y","dpad_down","dpad_left","dpad_right","dpad_up","gyro","l1","l2","l4","l5","left_pad","left_stick","r1","r2","r4","r5","right_pad","right_stick","select","start"]
PASS 1024x768.open-btn_a.23-shapes ["btn_a","btn_b","btn_x","btn_y","dpad_down","dpad_left","dpad_right","dpad_up","gyro","l1","l2","l4","l5","left_pad","left_stick","r1","r2","r4","r5","right_pad","right_stick","select","start"]
PASS 1024x768.open-btn_a.23-arrowheads ["btn_a","btn_b","btn_x","btn_y","dpad_down","dpad_left","dpad_right","dpad_up","gyro","l1","l2","l4","l5","left_pad","left_stick","r1","r2","r4","r5","right_pad","right_stick","select","start"]
PASS 1024x768.open-btn_a.label-overlaps []
PASS 1024x768.open-btn_a.leader-intersections []
PASS 1024x768.open-btn_a.own-edge.btn_a {"distance":0.000017327777527498256,"insideOther":[],"end":{"x":689.12611596059,"y":340.0298823340464}}
PASS 1024x768.open-btn_a.glyph-clear.btn_a []
PASS 1024x768.open-btn_a.leader-visible.btn_a {"points":[{"x":862.5042372881358,"y":352.9538173352258},{"x":689.12611596059,"y":340.0298823340464}]}
PASS 1024x768.open-btn_a.own-edge.btn_b {"distance":0.000025948562324629165,"insideOther":[],"end":{"x":706.0355484094998,"y":322.5865066226593}}
PASS 1024x768.open-btn_a.glyph-clear.btn_b []
PASS 1024x768.open-btn_a.leader-visible.btn_b {"points":[{"x":862.5042372881358,"y":323.8479974822136},{"x":706.0355484094998,"y":322.5865066226593}]}
PASS 1024x768.open-btn_a.own-edge.btn_x {"distance":0.000011745819278985437,"insideOther":[],"end":{"x":664.1847701422913,"y":330.5537226833193}}
PASS 1024x768.open-btn_a.glyph-clear.btn_x []
PASS 1024x768.open-btn_a.leader-visible.btn_x {"points":[{"x":862.5042372881358,"y":382.0958103891146},{"x":664.1847701422913,"y":354.2269037322136},{"x":664.1847701422913,"y":330.5537226833193}]}
PASS 1024x768.open-btn_a.own-edge.btn_y {"distance":0.000017327777527498256,"insideOther":[],"end":{"x":689.12611596059,"y":305.1345142536918}}
PASS 1024x768.open-btn_a.glyph-clear.btn_y []
PASS 1024x768.open-btn_a.leader-visible.btn_y {"points":[{"x":862.5042372881358,"y":294.82033703690865},{"x":689.12611596059,"y":305.1345142536918}]}
PASS 1024x768.open-btn_a.own-edge.dpad_up {"distance":0.00001056046130543109,"insideOther":[],"end":{"x":336.1420792832887,"y":347.29028867732336}}
PASS 1024x768.open-btn_a.glyph-clear.dpad_up []
PASS 1024x768.open-btn_a.leader-visible.dpad_up {"points":[{"x":161.49576271186442,"y":331.91157383029747},{"x":336.1420792832887,"y":347.29028867732336}]}
PASS 1024x768.open-btn_a.own-edge.dpad_down {"distance":0.00001056046130543109,"insideOther":[],"end":{"x":336.1420792832887,"y":382.01567775920284}}
PASS 1024x768.open-btn_a.glyph-clear.dpad_down []
PASS 1024x768.open-btn_a.leader-visible.dpad_down {"points":[{"x":161.49576271186442,"y":390.0450617472331},{"x":336.1420792832887,"y":382.01567775920284}]}
PASS 1024x768.open-btn_a.own-edge.dpad_left {"distance":0.000006767316051536909,"insideOther":[],"end":{"x":319.65538874049645,"y":364.6523737287791}}
PASS 1024x768.open-btn_a.glyph-clear.dpad_left []
PASS 1024x768.open-btn_a.leader-visible.dpad_left {"points":[{"x":161.49576271186442,"y":361.08757639739474},{"x":319.65538874049645,"y":364.6523737287791}]}
PASS 1024x768.open-btn_a.own-edge.dpad_right {"distance":0.000019181246102562,"insideOther":[],"end":{"x":359.815260332183,"y":371.5590628500039}}
PASS 1024x768.open-btn_a.glyph-clear.dpad_right []
PASS 1024x768.open-btn_a.leader-visible.dpad_right {"points":[{"x":161.49576271186442,"y":423.03398481466},{"x":359.815260332183,"y":411.2961925355728},{"x":359.815260332183,"y":371.5590628500039}]}
PASS 1024x768.open-btn_a.own-edge.left_stick {"distance":0.000007025939623872546,"insideOther":[],"end":{"x":358.54703461383025,"y":318.5868461630439}}
PASS 1024x768.open-btn_a.glyph-clear.left_stick []
PASS 1024x768.open-btn_a.leader-visible.left_stick {"points":[{"x":161.49576271186442,"y":298.844156135947},{"x":358.54703461383025,"y":318.5868461630439}]}
PASS 1024x768.open-btn_a.own-edge.right_stick {"distance":0.000003642281569682382,"insideOther":[],"end":{"x":638.8206214689267,"y":338.58569700165657}}
PASS 1024x768.open-btn_a.glyph-clear.right_stick []
PASS 1024x768.open-btn_a.leader-visible.right_stick {"points":[{"x":875.5152530993447,"y":411.3128315984866},{"x":664.1847701422913,"y":358.454261844441},{"x":638.8206214689267,"y":356.3405827883273},{"x":638.8206214689267,"y":338.58569700165657}]}
PASS 1024x768.open-btn_a.own-edge.l1 {"distance":0.0000172092416050873,"insideOther":[],"end":{"x":351.57523677847485,"y":278.5572681858041}}
PASS 1024x768.open-btn_a.glyph-clear.l1 []
PASS 1024x768.open-btn_a.leader-visible.l1 {"points":[{"x":283.2080699683583,"y":229.45338983050848},{"x":351.57523677847485,"y":278.5572681858041}]}
PASS 1024x768.open-btn_a.own-edge.r1 {"distance":0.0000172092416050873,"insideOther":[],"end":{"x":672.4247632215253,"y":278.5572681858041}}
PASS 1024x768.open-btn_a.glyph-clear.r1 []
PASS 1024x768.open-btn_a.leader-visible.r1 {"points":[{"x":740.7919300316419,"y":229.45338983050848},{"x":672.4247632215253,"y":278.5572681858041}]}
PASS 1024x768.open-btn_a.own-edge.l2 {"distance":0.0000024569236529714544,"insideOther":[],"end":{"x":328.11010496495135,"y":263.5457631342829}}
PASS 1024x768.open-btn_a.glyph-clear.l2 []
PASS 1024x768.open-btn_a.leader-visible.l2 {"points":[{"x":166.79652322887702,"y":229.45338983050848},{"x":328.11010496495135,"y":263.5457631342829}]}
PASS 1024x768.open-btn_a.own-edge.r2 {"distance":0.000028103758268116508,"insideOther":[],"end":{"x":695.889925509523,"y":263.5457631342829}}
PASS 1024x768.open-btn_a.glyph-clear.r2 []
PASS 1024x768.open-btn_a.leader-visible.r2 {"points":[{"x":857.2035072455973,"y":229.45338983050848},{"x":695.889925509523,"y":263.5457631342829}]}
PASS 1024x768.open-btn_a.own-edge.l4 {"distance":0.000012564793792080309,"insideOther":[],"end":{"x":354.9629926519879,"y":439.61945836557504}}
PASS 1024x768.open-btn_a.glyph-clear.l4 []
PASS 1024x768.open-btn_a.leader-visible.l4 {"points":[{"x":151.85718935088252,"y":517.0466101694915},{"x":354.9629926519879,"y":439.61945836557504}]}
PASS 1024x768.open-btn_a.own-edge.l5 {"distance":0.00001241393010786851,"insideOther":[],"end":{"x":364.08634931488905,"y":469.2109499139301}}
PASS 1024x768.open-btn_a.glyph-clear.l5 []
PASS 1024x768.open-btn_a.leader-visible.l5 {"points":[{"x":324.63567968681036,"y":517.0466101694915},{"x":364.08634931488905,"y":469.2109499139301}]}
PASS 1024x768.open-btn_a.own-edge.r4 {"distance":0.000012564793792080309,"insideOther":[],"end":{"x":669.036976873538,"y":439.61945836557504}}
PASS 1024x768.open-btn_a.glyph-clear.r4 []
PASS 1024x768.open-btn_a.leader-visible.r4 {"points":[{"x":872.1428258863547,"y":517.0466101694915},{"x":669.036976873538,"y":439.61945836557504}]}
PASS 1024x768.open-btn_a.own-edge.r5 {"distance":0.00001241393010786851,"insideOther":[],"end":{"x":659.9136506851111,"y":469.2109499139301}}
PASS 1024x768.open-btn_a.glyph-clear.r5 []
PASS 1024x768.open-btn_a.leader-visible.r5 {"points":[{"x":699.3643203131898,"y":517.0466101694915},{"x":659.9136506851111,"y":469.2109499139301}]}
PASS 1024x768.open-btn_a.own-edge.start {"distance":4.849191554967547e-7,"insideOther":[],"end":{"x":645.7892804334393,"y":285.74377392914334}}
PASS 1024x768.open-btn_a.glyph-clear.start []
PASS 1024x768.open-btn_a.leader-visible.start {"points":[{"x":605.8448024254062,"y":229.45338983050848},{"x":645.7892804334393,"y":285.74377392914334}]}
PASS 1024x768.open-btn_a.own-edge.select {"distance":4.849191554967547e-7,"insideOther":[],"end":{"x":378.21075004103494,"y":285.74377392914334}}
PASS 1024x768.open-btn_a.glyph-clear.select []
PASS 1024x768.open-btn_a.leader-visible.select {"points":[{"x":418.15519757459396,"y":229.45338983050848},{"x":378.21075004103494,"y":285.74377392914334}]}
PASS 1024x768.open-btn_a.own-edge.left_pad {"distance":0.000014051879190901673,"insideOther":[],"end":{"x":389.4067366433009,"y":400.7277972550042}}
PASS 1024x768.open-btn_a.glyph-clear.left_pad []
PASS 1024x768.open-btn_a.leader-visible.left_pad {"points":[{"x":161.49576271186442,"y":447.956725966459},{"x":338.6784697710458,"y":415.52353541056317},{"x":389.4067366433009,"y":415.52353541056317},{"x":389.4067366433009,"y":400.7277972550042}]}
PASS 1024x768.open-btn_a.own-edge.right_pad {"distance":0.000014051879190901673,"insideOther":[],"end":{"x":634.5932633566993,"y":400.7277972550042}}
PASS 1024x768.open-btn_a.glyph-clear.right_pad []
PASS 1024x768.open-btn_a.leader-visible.right_pad {"points":[{"x":862.5042372881358,"y":447.207952898101},{"x":685.3214997544801,"y":415.52353541056317},{"x":634.5932633566993,"y":415.52353541056317},{"x":634.5932633566993,"y":400.7277972550042}]}
PASS 1024x768.open-btn_a.own-edge.gyro {"distance":0.0000024138197431966546,"insideOther":[],"end":{"x":512.0000000000001,"y":475.97469851391463}}
PASS 1024x768.open-btn_a.glyph-clear.gyro []
PASS 1024x768.open-btn_a.leader-visible.gyro {"points":[{"x":512.0000000000001,"y":517.0466101694915},{"x":512.0000000000001,"y":475.97469851391463}]}
PASS 1024x768.open-btn_a.inside-visible-pane []
PASS 1024x768.open-btn_a.labels-topmost []
PASS 1024x768.open-btn_a.labels-unwrapped []
PASS 1024x768.open-btn_a.no-page-or-pane-scroll [{"id":"HTML","width":1024,"height":768,"clientWidth":1024,"clientHeight":768,"top":0,"left":0},{"id":"BODY","width":1024,"height":768,"clientWidth":1024,"clientHeight":768,"top":0,"left":0},{"id":"tab-editor","width":1024,"height":595,"clientWidth":1024,"clientHeight":595,"top":0,"left":0},{"id":"controller-picture-scroll","width":1000,"height":354,"clientWidth":1000,"clientHeight":354,"top":0,"left":0}]
PASS 1024x768.open-btn_a.card-inside-pane {"x":12,"y":560,"right":1012,"bottom":730}
PASS 1024x768.open-nearest-gyro.23-labels ["btn_a","btn_b","btn_x","btn_y","dpad_down","dpad_left","dpad_right","dpad_up","gyro","l1","l2","l4","l5","left_pad","left_stick","r1","r2","r4","r5","right_pad","right_stick","select","start"]
PASS 1024x768.open-nearest-gyro.23-leaders ["btn_a","btn_b","btn_x","btn_y","dpad_down","dpad_left","dpad_right","dpad_up","gyro","l1","l2","l4","l5","left_pad","left_stick","r1","r2","r4","r5","right_pad","right_stick","select","start"]
PASS 1024x768.open-nearest-gyro.23-shapes ["btn_a","btn_b","btn_x","btn_y","dpad_down","dpad_left","dpad_right","dpad_up","gyro","l1","l2","l4","l5","left_pad","left_stick","r1","r2","r4","r5","right_pad","right_stick","select","start"]
PASS 1024x768.open-nearest-gyro.23-arrowheads ["btn_a","btn_b","btn_x","btn_y","dpad_down","dpad_left","dpad_right","dpad_up","gyro","l1","l2","l4","l5","left_pad","left_stick","r1","r2","r4","r5","right_pad","right_stick","select","start"]
PASS 1024x768.open-nearest-gyro.label-overlaps []
PASS 1024x768.open-nearest-gyro.leader-intersections []
PASS 1024x768.open-nearest-gyro.own-edge.btn_a {"distance":0.000017327777527498256,"insideOther":[],"end":{"x":689.12611596059,"y":340.0298823340464}}
PASS 1024x768.open-nearest-gyro.glyph-clear.btn_a []
PASS 1024x768.open-nearest-gyro.leader-visible.btn_a {"points":[{"x":862.5042372881358,"y":352.9538173352258},{"x":689.12611596059,"y":340.0298823340464}]}
PASS 1024x768.open-nearest-gyro.own-edge.btn_b {"distance":0.000025948562324629165,"insideOther":[],"end":{"x":706.0355484094998,"y":322.5865066226593}}
PASS 1024x768.open-nearest-gyro.glyph-clear.btn_b []
PASS 1024x768.open-nearest-gyro.leader-visible.btn_b {"points":[{"x":862.5042372881358,"y":323.8479974822136},{"x":706.0355484094998,"y":322.5865066226593}]}
PASS 1024x768.open-nearest-gyro.own-edge.btn_x {"distance":0.000011745819278985437,"insideOther":[],"end":{"x":664.1847701422913,"y":330.5537226833193}}
PASS 1024x768.open-nearest-gyro.glyph-clear.btn_x []
PASS 1024x768.open-nearest-gyro.leader-visible.btn_x {"points":[{"x":862.5042372881358,"y":382.0958103891146},{"x":664.1847701422913,"y":354.2269037322136},{"x":664.1847701422913,"y":330.5537226833193}]}
PASS 1024x768.open-nearest-gyro.own-edge.btn_y {"distance":0.000017327777527498256,"insideOther":[],"end":{"x":689.12611596059,"y":305.1345142536918}}
PASS 1024x768.open-nearest-gyro.glyph-clear.btn_y []
PASS 1024x768.open-nearest-gyro.leader-visible.btn_y {"points":[{"x":862.5042372881358,"y":294.82033703690865},{"x":689.12611596059,"y":305.1345142536918}]}
PASS 1024x768.open-nearest-gyro.own-edge.dpad_up {"distance":0.00001056046130543109,"insideOther":[],"end":{"x":336.1420792832887,"y":347.29028867732336}}
PASS 1024x768.open-nearest-gyro.glyph-clear.dpad_up []
PASS 1024x768.open-nearest-gyro.leader-visible.dpad_up {"points":[{"x":161.49576271186442,"y":331.91157383029747},{"x":336.1420792832887,"y":347.29028867732336}]}
PASS 1024x768.open-nearest-gyro.own-edge.dpad_down {"distance":0.00001056046130543109,"insideOther":[],"end":{"x":336.1420792832887,"y":382.01567775920284}}
PASS 1024x768.open-nearest-gyro.glyph-clear.dpad_down []
PASS 1024x768.open-nearest-gyro.leader-visible.dpad_down {"points":[{"x":161.49576271186442,"y":390.0450617472331},{"x":336.1420792832887,"y":382.01567775920284}]}
PASS 1024x768.open-nearest-gyro.own-edge.dpad_left {"distance":0.000006767316051536909,"insideOther":[],"end":{"x":319.65538874049645,"y":364.6523737287791}}
PASS 1024x768.open-nearest-gyro.glyph-clear.dpad_left []
PASS 1024x768.open-nearest-gyro.leader-visible.dpad_left {"points":[{"x":161.49576271186442,"y":361.08757639739474},{"x":319.65538874049645,"y":364.6523737287791}]}
PASS 1024x768.open-nearest-gyro.own-edge.dpad_right {"distance":0.000019181246102562,"insideOther":[],"end":{"x":359.815260332183,"y":371.5590628500039}}
PASS 1024x768.open-nearest-gyro.glyph-clear.dpad_right []
PASS 1024x768.open-nearest-gyro.leader-visible.dpad_right {"points":[{"x":161.49576271186442,"y":423.03398481466},{"x":359.815260332183,"y":411.2961925355728},{"x":359.815260332183,"y":371.5590628500039}]}
PASS 1024x768.open-nearest-gyro.own-edge.left_stick {"distance":0.000007025939623872546,"insideOther":[],"end":{"x":358.54703461383025,"y":318.5868461630439}}
PASS 1024x768.open-nearest-gyro.glyph-clear.left_stick []
PASS 1024x768.open-nearest-gyro.leader-visible.left_stick {"points":[{"x":161.49576271186442,"y":298.844156135947},{"x":358.54703461383025,"y":318.5868461630439}]}
PASS 1024x768.open-nearest-gyro.own-edge.right_stick {"distance":0.000003642281569682382,"insideOther":[],"end":{"x":638.8206214689267,"y":338.58569700165657}}
PASS 1024x768.open-nearest-gyro.glyph-clear.right_stick []
PASS 1024x768.open-nearest-gyro.leader-visible.right_stick {"points":[{"x":875.5152530993447,"y":411.3128315984866},{"x":664.1847701422913,"y":358.454261844441},{"x":638.8206214689267,"y":356.3405827883273},{"x":638.8206214689267,"y":338.58569700165657}]}
PASS 1024x768.open-nearest-gyro.own-edge.l1 {"distance":0.0000172092416050873,"insideOther":[],"end":{"x":351.57523677847485,"y":278.5572681858041}}
PASS 1024x768.open-nearest-gyro.glyph-clear.l1 []
PASS 1024x768.open-nearest-gyro.leader-visible.l1 {"points":[{"x":283.2080699683583,"y":229.45338983050848},{"x":351.57523677847485,"y":278.5572681858041}]}
PASS 1024x768.open-nearest-gyro.own-edge.r1 {"distance":0.0000172092416050873,"insideOther":[],"end":{"x":672.4247632215253,"y":278.5572681858041}}
PASS 1024x768.open-nearest-gyro.glyph-clear.r1 []
PASS 1024x768.open-nearest-gyro.leader-visible.r1 {"points":[{"x":740.7919300316419,"y":229.45338983050848},{"x":672.4247632215253,"y":278.5572681858041}]}
PASS 1024x768.open-nearest-gyro.own-edge.l2 {"distance":0.0000024569236529714544,"insideOther":[],"end":{"x":328.11010496495135,"y":263.5457631342829}}
PASS 1024x768.open-nearest-gyro.glyph-clear.l2 []
PASS 1024x768.open-nearest-gyro.leader-visible.l2 {"points":[{"x":166.79652322887702,"y":229.45338983050848},{"x":328.11010496495135,"y":263.5457631342829}]}
PASS 1024x768.open-nearest-gyro.own-edge.r2 {"distance":0.000028103758268116508,"insideOther":[],"end":{"x":695.889925509523,"y":263.5457631342829}}
PASS 1024x768.open-nearest-gyro.glyph-clear.r2 []
PASS 1024x768.open-nearest-gyro.leader-visible.r2 {"points":[{"x":857.2035072455973,"y":229.45338983050848},{"x":695.889925509523,"y":263.5457631342829}]}
PASS 1024x768.open-nearest-gyro.own-edge.l4 {"distance":0.000012564793792080309,"insideOther":[],"end":{"x":354.9629926519879,"y":439.61945836557504}}
PASS 1024x768.open-nearest-gyro.glyph-clear.l4 []
PASS 1024x768.open-nearest-gyro.leader-visible.l4 {"points":[{"x":151.85718935088252,"y":517.0466101694915},{"x":354.9629926519879,"y":439.61945836557504}]}
PASS 1024x768.open-nearest-gyro.own-edge.l5 {"distance":0.00001241393010786851,"insideOther":[],"end":{"x":364.08634931488905,"y":469.2109499139301}}
PASS 1024x768.open-nearest-gyro.glyph-clear.l5 []
PASS 1024x768.open-nearest-gyro.leader-visible.l5 {"points":[{"x":324.63567968681036,"y":517.0466101694915},{"x":364.08634931488905,"y":469.2109499139301}]}
PASS 1024x768.open-nearest-gyro.own-edge.r4 {"distance":0.000012564793792080309,"insideOther":[],"end":{"x":669.036976873538,"y":439.61945836557504}}
PASS 1024x768.open-nearest-gyro.glyph-clear.r4 []
PASS 1024x768.open-nearest-gyro.leader-visible.r4 {"points":[{"x":872.1428258863547,"y":517.0466101694915},{"x":669.036976873538,"y":439.61945836557504}]}
PASS 1024x768.open-nearest-gyro.own-edge.r5 {"distance":0.00001241393010786851,"insideOther":[],"end":{"x":659.9136506851111,"y":469.2109499139301}}
PASS 1024x768.open-nearest-gyro.glyph-clear.r5 []
PASS 1024x768.open-nearest-gyro.leader-visible.r5 {"points":[{"x":699.3643203131898,"y":517.0466101694915},{"x":659.9136506851111,"y":469.2109499139301}]}
PASS 1024x768.open-nearest-gyro.own-edge.start {"distance":4.849191554967547e-7,"insideOther":[],"end":{"x":645.7892804334393,"y":285.74377392914334}}
PASS 1024x768.open-nearest-gyro.glyph-clear.start []
PASS 1024x768.open-nearest-gyro.leader-visible.start {"points":[{"x":605.8448024254062,"y":229.45338983050848},{"x":645.7892804334393,"y":285.74377392914334}]}
PASS 1024x768.open-nearest-gyro.own-edge.select {"distance":4.849191554967547e-7,"insideOther":[],"end":{"x":378.21075004103494,"y":285.74377392914334}}
PASS 1024x768.open-nearest-gyro.glyph-clear.select []
PASS 1024x768.open-nearest-gyro.leader-visible.select {"points":[{"x":418.15519757459396,"y":229.45338983050848},{"x":378.21075004103494,"y":285.74377392914334}]}
PASS 1024x768.open-nearest-gyro.own-edge.left_pad {"distance":0.000014051879190901673,"insideOther":[],"end":{"x":389.4067366433009,"y":400.7277972550042}}
PASS 1024x768.open-nearest-gyro.glyph-clear.left_pad []
PASS 1024x768.open-nearest-gyro.leader-visible.left_pad {"points":[{"x":161.49576271186442,"y":447.956725966459},{"x":338.6784697710458,"y":415.52353541056317},{"x":389.4067366433009,"y":415.52353541056317},{"x":389.4067366433009,"y":400.7277972550042}]}
PASS 1024x768.open-nearest-gyro.own-edge.right_pad {"distance":0.000014051879190901673,"insideOther":[],"end":{"x":634.5932633566993,"y":400.7277972550042}}
PASS 1024x768.open-nearest-gyro.glyph-clear.right_pad []
PASS 1024x768.open-nearest-gyro.leader-visible.right_pad {"points":[{"x":862.5042372881358,"y":447.207952898101},{"x":685.3214997544801,"y":415.52353541056317},{"x":634.5932633566993,"y":415.52353541056317},{"x":634.5932633566993,"y":400.7277972550042}]}
PASS 1024x768.open-nearest-gyro.own-edge.gyro {"distance":0.0000024138197431966546,"insideOther":[],"end":{"x":512.0000000000001,"y":475.97469851391463}}
PASS 1024x768.open-nearest-gyro.glyph-clear.gyro []
PASS 1024x768.open-nearest-gyro.leader-visible.gyro {"points":[{"x":512.0000000000001,"y":517.0466101694915},{"x":512.0000000000001,"y":475.97469851391463}]}
PASS 1024x768.open-nearest-gyro.inside-visible-pane []
PASS 1024x768.open-nearest-gyro.labels-topmost []
PASS 1024x768.open-nearest-gyro.labels-unwrapped []
PASS 1024x768.open-nearest-gyro.no-page-or-pane-scroll [{"id":"HTML","width":1024,"height":768,"clientWidth":1024,"clientHeight":768,"top":0,"left":0},{"id":"BODY","width":1024,"height":768,"clientWidth":1024,"clientHeight":768,"top":0,"left":0},{"id":"tab-editor","width":1024,"height":595,"clientWidth":1024,"clientHeight":595,"top":0,"left":0},{"id":"controller-picture-scroll","width":1000,"height":354,"clientWidth":1000,"clientHeight":354,"top":0,"left":0}]
PASS 1024x768.open-nearest-gyro.card-inside-pane {"x":12,"y":560,"right":1012,"bottom":730}
PASS 1024x768.drill.btn_a {"title":"A","hidden":false,"rows":["BTN_A","BTN_A_LAYER_2"]}
PASS 1024x768.drill.btn_b {"title":"B","hidden":false,"rows":["BTN_B","BTN_B_LAYER_2"]}
PASS 1024x768.drill.btn_x {"title":"X","hidden":false,"rows":["BTN_X","BTN_X_LAYER_2"]}
PASS 1024x768.drill.btn_y {"title":"Y","hidden":false,"rows":["BTN_Y","BTN_Y_LAYER_2"]}
PASS 1024x768.drill.dpad_up {"title":"D-pad Up","hidden":false,"rows":["DPAD_UP","DPAD_UP_LONG_PRESS"]}
PASS 1024x768.drill.dpad_down {"title":"D-pad Down","hidden":false,"rows":["DPAD_DOWN","DPAD_DOWN_LONG_PRESS"]}
PASS 1024x768.drill.dpad_left {"title":"D-pad Left","hidden":false,"rows":["DPAD_LEFT","DPAD_LEFT_LONG_PRESS"]}
PASS 1024x768.drill.dpad_right {"title":"D-pad Right","hidden":false,"rows":["DPAD_RIGHT","DPAD_RIGHT_LONG_PRESS"]}
PASS 1024x768.drill.left_stick {"title":"Left stick","hidden":false,"rows":["LEFT_STICK_CLICK_L3","L_STICK_UP","L_STICK_DOWN","L_STICK_LEFT","L_STICK_RIGHT","L_STICK_X_AXIS","L_STICK_Y_AXIS"]}
PASS 1024x768.drill.right_stick {"title":"Right stick","hidden":false,"rows":["RIGHT_STICK_CLICK_R3","R_STICK_UP","R_STICK_DOWN","R_STICK_LEFT","R_STICK_RIGHT","R_STICK_X_AXIS","R_STICK_Y_AXIS"]}
PASS 1024x768.drill.l1 {"title":"L1","hidden":false,"rows":["L1","L1_LAYER_2"]}
PASS 1024x768.drill.r1 {"title":"R1","hidden":false,"rows":["R1","R1_LAYER_2"]}
PASS 1024x768.drill.l2 {"title":"L2","hidden":false,"rows":["L2_SOFT","L2_FULL","L2_SOFT_LAYER_2","L2_FULL_LAYER_2","L_TRIGGER_PRESSURE"]}
PASS 1024x768.drill.r2 {"title":"R2","hidden":false,"rows":["R2_SOFT","R2_FULL","R2_SOFT_LAYER_2","R2_FULL_LAYER_2","R_TRIGGER_PRESSURE"]}
PASS 1024x768.drill.l4 {"title":"L4","hidden":false,"rows":["L4"]}
PASS 1024x768.drill.l5 {"title":"L5","hidden":false,"rows":["L5"]}
PASS 1024x768.drill.r4 {"title":"R4","hidden":false,"rows":["R4"]}
PASS 1024x768.drill.r5 {"title":"R5","hidden":false,"rows":["R5"]}
PASS 1024x768.drill.start {"title":"START","hidden":false,"rows":["START"]}
PASS 1024x768.drill.select {"title":"SELECT","hidden":false,"rows":["SELECT"]}
PASS 1024x768.drill.left_pad {"title":"Left trackpad","hidden":false,"rows":["L_PAD_UP","L_PAD_DOWN","L_PAD_LEFT","L_PAD_RIGHT","L_PAD_UP_LONG_PRESS","L_PAD_DOWN_LONG_PRESS","L_PAD_LEFT_LONG_PRESS","L_PAD_RIGHT_LONG_PRESS","L_PAD_X_POS","L_PAD_Y_POS"]}
PASS 1024x768.drill.right_pad {"title":"Right trackpad","hidden":false,"rows":["R_PAD_UP","R_PAD_DOWN","R_PAD_LEFT","R_PAD_RIGHT","R_PAD_UP_LONG_PRESS","R_PAD_DOWN_LONG_PRESS","R_PAD_LEFT_LONG_PRESS","R_PAD_RIGHT_LONG_PRESS","R_PAD_X_POS","R_PAD_Y_POS"]}
PASS 1024x768.drill.gyro {"title":"Gyro","hidden":false,"rows":["GYRO_FORWARD","GYRO_BACKWARD","GYRO_PITCH","GYRO_YAW","GYRO_ROLL"]}
PASS 1366x768.closed.23-labels ["btn_a","btn_b","btn_x","btn_y","dpad_down","dpad_left","dpad_right","dpad_up","gyro","l1","l2","l4","l5","left_pad","left_stick","r1","r2","r4","r5","right_pad","right_stick","select","start"]
PASS 1366x768.closed.23-leaders ["btn_a","btn_b","btn_x","btn_y","dpad_down","dpad_left","dpad_right","dpad_up","gyro","l1","l2","l4","l5","left_pad","left_stick","r1","r2","r4","r5","right_pad","right_stick","select","start"]
PASS 1366x768.closed.23-shapes ["btn_a","btn_b","btn_x","btn_y","dpad_down","dpad_left","dpad_right","dpad_up","gyro","l1","l2","l4","l5","left_pad","left_stick","r1","r2","r4","r5","right_pad","right_stick","select","start"]
PASS 1366x768.closed.23-arrowheads ["btn_a","btn_b","btn_x","btn_y","dpad_down","dpad_left","dpad_right","dpad_up","gyro","l1","l2","l4","l5","left_pad","left_stick","r1","r2","r4","r5","right_pad","right_stick","select","start"]
PASS 1366x768.closed.label-overlaps []
PASS 1366x768.closed.leader-intersections []
PASS 1366x768.closed.own-edge.btn_a {"distance":0.0000019148284309267183,"insideOther":[],"end":{"x":969.0359477922028,"y":414.04976686963846}}
PASS 1366x768.closed.glyph-clear.btn_a []
PASS 1366x768.closed.leader-visible.btn_a {"points":[{"x":1196.4960784313726,"y":438.8262488720464},{"x":969.0359477922028,"y":414.04976686963846}]}
PASS 1366x768.closed.own-edge.btn_b {"distance":0.000004906747903987707,"insideOther":[],"end":{"x":996.3425243901271,"y":385.94947455911074}}
PASS 1366x768.closed.glyph-clear.btn_b []
PASS 1366x768.closed.leader-visible.btn_b {"points":[{"x":1196.4960784313726,"y":395.5027977288938},{"x":996.3425243901271,"y":385.94947455911074}]}
PASS 1366x768.closed.own-edge.btn_x {"distance":0.000005924000447521394,"insideOther":[],"end":{"x":928.7588235294118,"y":398.3010007970473}}
PASS 1366x768.closed.glyph-clear.btn_x []
PASS 1366x768.closed.leader-visible.btn_x {"points":[{"x":1196.4960784313726,"y":482.13447142956306},{"x":928.7588235294118,"y":436.53014705882356},{"x":928.7588235294118,"y":398.3010007970473}]}
PASS 1366x768.closed.own-edge.btn_y {"distance":0.0000019148284309267183,"insideOther":[],"end":{"x":969.0359477922028,"y":357.74128642362706}}
PASS 1366x768.closed.glyph-clear.btn_y []
PASS 1366x768.closed.leader-visible.btn_y {"points":[{"x":1196.4960784313726,"y":352.7859900231455},{"x":969.0359477922028,"y":357.74128642362706}]}
PASS 1366x768.closed.own-edge.dpad_up {"distance":0.000006283030757003871,"insideOther":[],"end":{"x":399.012030208812,"y":425.362182228238}}
PASS 1366x768.closed.glyph-clear.dpad_up []
PASS 1366x768.closed.leader-visible.dpad_up {"points":[{"x":169.50392156862742,"y":405.8625347212249},{"x":399.012030208812,"y":425.362182228238}]}
PASS 1366x768.closed.own-edge.dpad_down {"distance":0.000006283030757003871,"insideOther":[],"end":{"x":399.012030208812,"y":481.4505722644282}}
PASS 1366x768.closed.glyph-clear.dpad_down []
PASS 1366x768.closed.leader-visible.dpad_down {"points":[{"x":169.50392156862742,"y":492.9503647748162},{"x":399.012030208812,"y":481.4505722644282}]}
PASS 1366x768.closed.own-edge.dpad_left {"distance":0.000010681152332381316,"insideOther":[],"end":{"x":372.3881637573242,"y":453.40122483197376}}
PASS 1366x768.closed.glyph-clear.dpad_left []
PASS 1366x768.closed.leader-visible.dpad_left {"points":[{"x":169.50392156862742,"y":449.52776776482074},{"x":372.3881637573242,"y":453.40122483197376}]}
PASS 1366x768.closed.own-edge.dpad_right {"distance":0.000005804323677693901,"insideOther":[],"end":{"x":437.2411764705882,"y":464.5193423402076}}
PASS 1366x768.closed.glyph-clear.dpad_right []
PASS 1366x768.closed.leader-visible.dpad_right {"points":[{"x":169.50392156862742,"y":541.5662296070773},{"x":437.2411764705882,"y":528.6897058823529},{"x":437.2411764705882,"y":464.5193423402076}]}
PASS 1366x768.closed.own-edge.left_stick {"distance":0.000008317536014601501,"insideOther":[],"end":{"x":435.19319846957336,"y":379.46644156960883}}
PASS 1366x768.closed.glyph-clear.left_stick []
PASS 1366x768.closed.leader-visible.left_stick {"points":[{"x":169.50392156862742,"y":357.285587385589},{"x":435.19319846957336,"y":379.46644156960883}]}
PASS 1366x768.closed.own-edge.right_stick {"distance":0.000012251910050053993,"insideOther":[],"end":{"x":887.7990196078431,"y":411.27159419340245}}
PASS 1366x768.closed.glyph-clear.right_stick []
PASS 1366x768.closed.leader-visible.right_stick {"points":[{"x":1217.8519518085554,"y":527.3576695760091},{"x":928.7588235294118,"y":443.3567759644751},{"x":887.7990196078431,"y":439.94346913356407},{"x":887.7990196078431,"y":411.27159419340245}]}
PASS 1366x768.closed.own-edge.l1 {"distance":0.000004831949866002105,"insideOther":[],"end":{"x":428.50161464915556,"y":314.33339970906576}}
PASS 1366x768.closed.glyph-clear.l1 []
PASS 1366x768.closed.leader-visible.l1 {"points":[{"x":365.52813562131394,"y":245.46764705882353},{"x":428.50161464915556,"y":314.33339970906576}]}
PASS 1366x768.closed.own-edge.r1 {"distance":0.000004831949866002105,"insideOther":[],"end":{"x":937.4983548631855,"y":314.33339970906576}}
PASS 1366x768.closed.glyph-clear.r1 []
PASS 1366x768.closed.leader-visible.r1 {"points":[{"x":1000.471894866345,"y":245.46764705882353},{"x":937.4983548631855,"y":314.33339970906576}]}
PASS 1366x768.closed.own-edge.l2 {"distance":0.000009215111788307695,"insideOther":[],"end":{"x":386.0414215686274,"y":289.47705528408875}}
PASS 1366x768.closed.glyph-clear.l2 []
PASS 1366x768.closed.leader-visible.l2 {"points":[{"x":195.81437488630704,"y":245.46764705882353},{"x":386.0414215686274,"y":289.47705528408875}]}
PASS 1366x768.closed.own-edge.r2 {"distance":0.000021302466279848886,"insideOther":[],"end":{"x":979.9585784313725,"y":289.47705528408875}}
PASS 1366x768.closed.glyph-clear.r2 []
PASS 1366x768.closed.leader-visible.r2 {"points":[{"x":1170.185594626034,"y":245.46764705882353},{"x":979.9585784313725,"y":289.47705528408875}]}
PASS 1366x768.closed.own-edge.l4 {"distance":0.000044878791413793806,"insideOther":[],"end":{"x":433.18991537655097,"y":574.4281454647289}}
PASS 1366x768.closed.glyph-clear.l4 []
PASS 1366x768.closed.leader-visible.l4 {"points":[{"x":185.5063449635225,"y":689.0323529411764},{"x":433.18991537655097,"y":574.4281454647289}]}
PASS 1366x768.closed.own-edge.l5 {"distance":0.000006073596409805759,"insideOther":[],"end":{"x":447.90563761393224,"y":622.2145935357786}}
PASS 1366x768.closed.glyph-clear.l5 []
PASS 1366x768.closed.leader-visible.l5 {"points":[{"x":423.52733968098954,"y":689.0323529411764},{"x":447.90563761393224,"y":622.2145935357786}]}
PASS 1366x768.closed.own-edge.r4 {"distance":0.000044878791413793806,"insideOther":[],"end":{"x":932.8100846234489,"y":574.4281454647289}}
PASS 1366x768.closed.glyph-clear.r4 []
PASS 1366x768.closed.leader-visible.r4 {"points":[{"x":1180.4937160117952,"y":689.0323529411764},{"x":932.8100846234489,"y":574.4281454647289}]}
PASS 1366x768.closed.own-edge.r5 {"distance":0.000006073596409805759,"insideOther":[],"end":{"x":918.0943623860677,"y":622.2145935357786}}
PASS 1366x768.closed.glyph-clear.r5 []
PASS 1366x768.closed.leader-visible.r5 {"points":[{"x":942.4726603190104,"y":689.0323529411764},{"x":918.0943623860677,"y":622.2145935357786}]}
PASS 1366x768.closed.own-edge.start {"distance":0.00002722646672737028,"insideOther":[],"end":{"x":896.673672245998,"y":326.51376822976505}}
PASS 1366x768.closed.glyph-clear.start []
PASS 1366x768.closed.leader-visible.start {"points":[{"x":809.5083578072342,"y":245.46764705882353},{"x":896.673672245998,"y":326.51376822976505}]}
PASS 1366x768.closed.own-edge.select {"distance":0.000003261192148329428,"insideOther":[],"end":{"x":469.3263582416609,"y":326.51376822976505}}
PASS 1366x768.closed.glyph-clear.select []
PASS 1366x768.closed.leader-visible.select {"points":[{"x":556.4916421927658,"y":245.46764705882353},{"x":469.3263582416609,"y":326.51376822976505}]}
PASS 1366x768.closed.own-edge.left_pad {"distance":0.0000028423234539332043,"insideOther":[],"end":{"x":485.0276245416379,"y":511.6231107524797}}
PASS 1366x768.closed.glyph-clear.left_pad []
PASS 1366x768.closed.leader-visible.left_pad {"points":[{"x":169.50392156862742,"y":579.737418829226},{"x":403.10801669850065,"y":535.516350031834},{"x":485.0276245416379,"y":535.516350031834},{"x":485.0276245416379,"y":511.6231107524797}]}
PASS 1366x768.closed.own-edge.right_pad {"distance":0.0000028423234539332043,"insideOther":[],"end":{"x":880.972405946021,"y":511.6231107524797}}
PASS 1366x768.closed.glyph-clear.right_pad []
PASS 1366x768.closed.leader-visible.right_pad {"points":[{"x":1196.4960784313726,"y":577.1361812815946},{"x":962.8920137891582,"y":535.516350031834},{"x":880.972405946021,"y":535.516350031834},{"x":880.972405946021,"y":511.6231107524797}]}
PASS 1366x768.closed.own-edge.gyro {"distance":0.000013343960631573282,"insideOther":[],"end":{"x":683,"y":633.1371936872894}}
PASS 1366x768.closed.glyph-clear.gyro []
PASS 1366x768.closed.leader-visible.gyro {"points":[{"x":683,"y":689.0323529411764},{"x":683,"y":633.1371936872894}]}
PASS 1366x768.closed.inside-visible-pane []
PASS 1366x768.closed.labels-topmost []
PASS 1366x768.closed.labels-unwrapped []
PASS 1366x768.closed.no-page-or-pane-scroll [{"id":"HTML","width":1366,"height":768,"clientWidth":1366,"clientHeight":768,"top":0,"left":0},{"id":"BODY","width":1366,"height":768,"clientWidth":1366,"clientHeight":768,"top":0,"left":0},{"id":"tab-editor","width":1366,"height":595,"clientWidth":1366,"clientHeight":595,"top":0,"left":0},{"id":"controller-picture-scroll","width":1326,"height":510,"clientWidth":1326,"clientHeight":510,"top":0,"left":0}]
PASS 1366x768.open-btn_a.23-labels ["btn_a","btn_b","btn_x","btn_y","dpad_down","dpad_left","dpad_right","dpad_up","gyro","l1","l2","l4","l5","left_pad","left_stick","r1","r2","r4","r5","right_pad","right_stick","select","start"]
PASS 1366x768.open-btn_a.23-leaders ["btn_a","btn_b","btn_x","btn_y","dpad_down","dpad_left","dpad_right","dpad_up","gyro","l1","l2","l4","l5","left_pad","left_stick","r1","r2","r4","r5","right_pad","right_stick","select","start"]
PASS 1366x768.open-btn_a.23-shapes ["btn_a","btn_b","btn_x","btn_y","dpad_down","dpad_left","dpad_right","dpad_up","gyro","l1","l2","l4","l5","left_pad","left_stick","r1","r2","r4","r5","right_pad","right_stick","select","start"]
PASS 1366x768.open-btn_a.23-arrowheads ["btn_a","btn_b","btn_x","btn_y","dpad_down","dpad_left","dpad_right","dpad_up","gyro","l1","l2","l4","l5","left_pad","left_stick","r1","r2","r4","r5","right_pad","right_stick","select","start"]
PASS 1366x768.open-btn_a.label-overlaps []
PASS 1366x768.open-btn_a.leader-intersections []
PASS 1366x768.open-btn_a.own-edge.btn_a {"distance":0.000012745576782435819,"insideOther":[],"end":{"x":737.4334844252643,"y":425.25056690889244}}
PASS 1366x768.open-btn_a.glyph-clear.btn_a []
PASS 1366x768.open-btn_a.leader-visible.btn_a {"points":[{"x":850.6656862745099,"y":440.89197069055894},{"x":737.4334844252643,"y":425.25056690889244}]}
PASS 1366x768.open-btn_a.own-edge.btn_b {"distance":0.000006821576334914425,"insideOther":[],"end":{"x":759.1455146340763,"y":402.75456179450543}}
PASS 1366x768.open-btn_a.glyph-clear.btn_b []
PASS 1366x768.open-btn_a.leader-visible.btn_b {"points":[{"x":850.6656862745099,"y":408.4397022621305},{"x":759.1455146340763,"y":402.75456179450543}]}
PASS 1366x768.open-btn_a.own-edge.btn_x {"distance":0.000013418758612715465,"insideOther":[],"end":{"x":705.4082109039905,"y":412.4271374421961}}
PASS 1366x768.open-btn_a.glyph-clear.btn_x []
PASS 1366x768.open-btn_a.leader-visible.btn_x {"points":[{"x":852.7289690803079,"y":473.976736091165},{"x":705.4082109039905,"y":442.8239736370012},{"x":705.4082109039905,"y":412.4271374421961}]}
PASS 1366x768.open-btn_a.own-edge.btn_y {"distance":0.000012745576782435819,"insideOther":[],"end":{"x":737.4334844252643,"y":380.1169719920439}}
PASS 1366x768.open-btn_a.glyph-clear.btn_y []
PASS 1366x768.open-btn_a.leader-visible.btn_y {"points":[{"x":850.6656862745099,"y":376.9886942844765},{"x":737.4334844252643,"y":380.1169719920439}]}
PASS 1366x768.open-btn_a.own-edge.dpad_up {"distance":0.000006642061123329768,"insideOther":[],"end":{"x":284.1949224135455,"y":433.7462122150496}}
PASS 1366x768.open-btn_a.glyph-clear.dpad_up []
PASS 1366x768.open-btn_a.leader-visible.dpad_up {"points":[{"x":169.3343137254902,"y":421.3704635320925},{"x":284.1949224135455,"y":433.7462122150496}]}
PASS 1366x768.open-btn_a.own-edge.dpad_down {"distance":0.000006642061123329768,"insideOther":[],"end":{"x":284.1949224135455,"y":478.6578722187117}}
PASS 1366x768.open-btn_a.glyph-clear.dpad_down []
PASS 1366x768.open-btn_a.leader-visible.dpad_down {"points":[{"x":169.3343137254902,"y":485.9563738654642},{"x":284.1949224135455,"y":478.6578722187117}]}
PASS 1366x768.open-btn_a.own-edge.dpad_left {"distance":0.000013927384941325727,"insideOther":[],"end":{"x":263.0257097281662,"y":456.19168403475896}}
PASS 1366x768.open-btn_a.glyph-clear.dpad_left []
PASS 1366x768.open-btn_a.leader-visible.dpad_left {"points":[{"x":169.3343137254902,"y":453.86367688646504},{"x":263.0257097281662,"y":456.19168403475896}]}
PASS 1366x768.open-btn_a.own-edge.dpad_right {"distance":0.00000550513175312517,"insideOther":[],"end":{"x":314.5917586083506,"y":465.078790881587}}
PASS 1366x768.open-btn_a.glyph-clear.dpad_right []
PASS 1366x768.open-btn_a.leader-visible.dpad_right {"points":[{"x":169.3343137254902,"y":524.7749380373486},{"x":314.5917586083506,"y":516.1020527259976},{"x":314.5917586083506,"y":465.078790881587}]}
PASS 1366x768.open-btn_a.own-edge.left_stick {"distance":0.0000033808689750003396,"insideOther":[],"end":{"x":312.96335176954085,"y":397.0234306933833}}
PASS 1366x768.open-btn_a.glyph-clear.left_stick []
PASS 1366x768.open-btn_a.leader-visible.left_stick {"points":[{"x":169.3343137254902,"y":382.3993543587479},{"x":312.96335176954085,"y":397.0234306933833}]}
PASS 1366x768.open-btn_a.own-edge.right_stick {"distance":0.000006178313583404815,"insideOther":[],"end":{"x":672.8401960784314,"y":422.7403502669989}}
PASS 1366x768.open-btn_a.glyph-clear.right_stick []
PASS 1366x768.open-btn_a.leader-visible.right_stick {"points":[{"x":882.0524872424556,"y":511.9727737127566},{"x":705.4082109039905,"y":448.25198118920423},{"x":672.8401960784314,"y":445.53796979118795},{"x":672.8401960784314,"y":422.7403502669989}]}
PASS 1366x768.open-btn_a.own-edge.l1 {"distance":0.000003470626552370959,"insideOther":[],"end":{"x":311.53723054773667,"y":345.6626552207797}}
PASS 1366x768.open-btn_a.glyph-clear.l1 []
PASS 1366x768.open-btn_a.leader-visible.l1 {"points":[{"x":271.26358187806375,"y":245.46764705882353},{"x":311.53723054773667,"y":345.6626552207797}]}
PASS 1366x768.open-btn_a.own-edge.r1 {"distance":0.000003470626552370959,"insideOther":[],"end":{"x":708.4627694522634,"y":345.6626552207797}}
PASS 1366x768.open-btn_a.glyph-clear.r1 []
PASS 1366x768.open-btn_a.leader-visible.r1 {"points":[{"x":748.7364181219363,"y":245.46764705882353},{"x":708.4627694522634,"y":345.6626552207797}]}
PASS 1366x768.open-btn_a.own-edge.l2 {"distance":0.0000045701569320044655,"insideOther":[],"end":{"x":279.33671396292897,"y":321.77942351546943}}
PASS 1366x768.open-btn_a.glyph-clear.l2 []
PASS 1366x768.open-btn_a.leader-visible.l2 {"points":[{"x":131.16364279354323,"y":245.46764705882353},{"x":279.33671396292897,"y":321.77942351546943}]}
PASS 1366x768.open-btn_a.own-edge.r2 {"distance":0.0000045701569320044655,"insideOther":[],"end":{"x":740.6632860370711,"y":321.77942351546943}}
PASS 1366x768.open-btn_a.glyph-clear.r2 []
PASS 1366x768.open-btn_a.leader-visible.r2 {"points":[{"x":888.8363572064568,"y":245.46764705882353},{"x":740.6632860370711,"y":321.77942351546943}]}
PASS 1366x768.open-btn_a.own-edge.l4 {"distance":0.000012566061514007743,"insideOther":[],"end":{"x":316.9148267558977,"y":552.4697139964385}}
PASS 1366x768.open-btn_a.glyph-clear.l4 []
PASS 1366x768.open-btn_a.leader-visible.l4 {"points":[{"x":138.01531731100647,"y":689.0323529411764},{"x":316.9148267558977,"y":552.4697139964385}]}
PASS 1366x768.open-btn_a.own-edge.l5 {"distance":0.000007659313723706873,"insideOther":[],"end":{"x":324.8371668796913,"y":590.46575161803}}
PASS 1366x768.open-btn_a.glyph-clear.l5 []
PASS 1366x768.open-btn_a.leader-visible.l5 {"points":[{"x":315.5969672109567,"y":689.0323529411764},{"x":324.8371668796913,"y":590.46575161803}]}
PASS 1366x768.open-btn_a.own-edge.r4 {"distance":0.000012566061514007743,"insideOther":[],"end":{"x":703.0851732441023,"y":552.4697139964385}}
PASS 1366x768.open-btn_a.glyph-clear.r4 []
PASS 1366x768.open-btn_a.leader-visible.r4 {"points":[{"x":881.9846826889936,"y":689.0323529411764},{"x":703.0851732441023,"y":552.4697139964385}]}
PASS 1366x768.open-btn_a.own-edge.r5 {"distance":0.000007659313723706873,"insideOther":[],"end":{"x":695.1628331203087,"y":590.46575161803}}
PASS 1366x768.open-btn_a.glyph-clear.r5 []
PASS 1366x768.open-btn_a.leader-visible.r5 {"points":[{"x":704.4030327890433,"y":689.0323529411764},{"x":695.1628331203087,"y":590.46575161803}]}
PASS 1366x768.open-btn_a.own-edge.start {"distance":0.000004697313499946176,"insideOther":[],"end":{"x":681.6925317502489,"y":354.890263486376}}
PASS 1366x768.open-btn_a.glyph-clear.start []
PASS 1366x768.open-btn_a.leader-visible.start {"points":[{"x":602.4401062610103,"y":245.46764705882353},{"x":681.6925317502489,"y":354.890263486376}]}
PASS 1366x768.open-btn_a.own-edge.select {"distance":0.000004697313499946176,"insideOther":[],"end":{"x":338.30743776209215,"y":354.890263486376}}
PASS 1366x768.open-btn_a.glyph-clear.select []
PASS 1366x768.open-btn_a.leader-visible.select {"points":[{"x":417.55986325133085,"y":245.46764705882353},{"x":338.30743776209215,"y":354.890263486376}]}
PASS 1366x768.open-btn_a.own-edge.left_pad {"distance":0.000013254203054202662,"insideOther":[],"end":{"x":352.58779622994217,"y":502.5320567112343}}
PASS 1366x768.open-btn_a.glyph-clear.left_pad []
PASS 1366x768.open-btn_a.leader-visible.left_pad {"points":[{"x":158.45613409304153,"y":552.6828227323645},{"x":287.451736091165,"y":521.5300755220301},{"x":352.58779622994217,"y":521.5300755220301},{"x":352.58779622994217,"y":502.5320567112343}]}
PASS 1366x768.open-btn_a.own-edge.right_pad {"distance":0.000013254203054202662,"insideOther":[],"end":{"x":667.412173282399,"y":502.5320567112343}}
PASS 1366x768.open-btn_a.glyph-clear.right_pad []
PASS 1366x768.open-btn_a.leader-visible.right_pad {"points":[{"x":857.6657137403301,"y":549.9688113343482},{"x":732.548263908835,"y":521.5300755220301},{"x":667.412173282399,"y":521.5300755220301},{"x":667.412173282399,"y":502.5320567112343}]}
PASS 1366x768.open-btn_a.own-edge.gyro {"distance":0.00004490871060625068,"insideOther":[],"end":{"x":510,"y":599.1505576040231}}
PASS 1366x768.open-btn_a.glyph-clear.gyro []
PASS 1366x768.open-btn_a.leader-visible.gyro {"points":[{"x":510,"y":689.0323529411764},{"x":510,"y":599.1505576040231}]}
PASS 1366x768.open-btn_a.inside-visible-pane []
PASS 1366x768.open-btn_a.labels-topmost []
PASS 1366x768.open-btn_a.labels-unwrapped []
PASS 1366x768.open-btn_a.no-page-or-pane-scroll [{"id":"HTML","width":1366,"height":768,"clientWidth":1366,"clientHeight":768,"top":0,"left":0},{"id":"BODY","width":1366,"height":768,"clientWidth":1366,"clientHeight":768,"top":0,"left":0},{"id":"tab-editor","width":1366,"height":595,"clientWidth":1366,"clientHeight":595,"top":0,"left":0},{"id":"controller-picture-scroll","width":980,"height":510,"clientWidth":980,"clientHeight":510,"top":0,"left":0}]
PASS 1366x768.open-btn_a.card-inside-pane {"x":1016,"y":212.5,"right":1346,"bottom":722}
PASS 1366x768.open-nearest-right_pad.23-labels ["btn_a","btn_b","btn_x","btn_y","dpad_down","dpad_left","dpad_right","dpad_up","gyro","l1","l2","l4","l5","left_pad","left_stick","r1","r2","r4","r5","right_pad","right_stick","select","start"]
PASS 1366x768.open-nearest-right_pad.23-leaders ["btn_a","btn_b","btn_x","btn_y","dpad_down","dpad_left","dpad_right","dpad_up","gyro","l1","l2","l4","l5","left_pad","left_stick","r1","r2","r4","r5","right_pad","right_stick","select","start"]
PASS 1366x768.open-nearest-right_pad.23-shapes ["btn_a","btn_b","btn_x","btn_y","dpad_down","dpad_left","dpad_right","dpad_up","gyro","l1","l2","l4","l5","left_pad","left_stick","r1","r2","r4","r5","right_pad","right_stick","select","start"]
PASS 1366x768.open-nearest-right_pad.23-arrowheads ["btn_a","btn_b","btn_x","btn_y","dpad_down","dpad_left","dpad_right","dpad_up","gyro","l1","l2","l4","l5","left_pad","left_stick","r1","r2","r4","r5","right_pad","right_stick","select","start"]
PASS 1366x768.open-nearest-right_pad.label-overlaps []
PASS 1366x768.open-nearest-right_pad.leader-intersections []
PASS 1366x768.open-nearest-right_pad.own-edge.btn_a {"distance":0.000012745576782435819,"insideOther":[],"end":{"x":737.4334844252643,"y":425.25056690889244}}
PASS 1366x768.open-nearest-right_pad.glyph-clear.btn_a []
PASS 1366x768.open-nearest-right_pad.leader-visible.btn_a {"points":[{"x":850.6656862745099,"y":440.89197069055894},{"x":737.4334844252643,"y":425.25056690889244}]}
PASS 1366x768.open-nearest-right_pad.own-edge.btn_b {"distance":0.000006821576334914425,"insideOther":[],"end":{"x":759.1455146340763,"y":402.75456179450543}}
PASS 1366x768.open-nearest-right_pad.glyph-clear.btn_b []
PASS 1366x768.open-nearest-right_pad.leader-visible.btn_b {"points":[{"x":850.6656862745099,"y":408.4397022621305},{"x":759.1455146340763,"y":402.75456179450543}]}
PASS 1366x768.open-nearest-right_pad.own-edge.btn_x {"distance":0.000013418758612715465,"insideOther":[],"end":{"x":705.4082109039905,"y":412.4271374421961}}
PASS 1366x768.open-nearest-right_pad.glyph-clear.btn_x []
PASS 1366x768.open-nearest-right_pad.leader-visible.btn_x {"points":[{"x":852.7289690803079,"y":473.976736091165},{"x":705.4082109039905,"y":442.8239736370012},{"x":705.4082109039905,"y":412.4271374421961}]}
PASS 1366x768.open-nearest-right_pad.own-edge.btn_y {"distance":0.000012745576782435819,"insideOther":[],"end":{"x":737.4334844252643,"y":380.1169719920439}}
PASS 1366x768.open-nearest-right_pad.glyph-clear.btn_y []
PASS 1366x768.open-nearest-right_pad.leader-visible.btn_y {"points":[{"x":850.6656862745099,"y":376.9886942844765},{"x":737.4334844252643,"y":380.1169719920439}]}
PASS 1366x768.open-nearest-right_pad.own-edge.dpad_up {"distance":0.000006642061123329768,"insideOther":[],"end":{"x":284.1949224135455,"y":433.7462122150496}}
PASS 1366x768.open-nearest-right_pad.glyph-clear.dpad_up []
PASS 1366x768.open-nearest-right_pad.leader-visible.dpad_up {"points":[{"x":169.3343137254902,"y":421.3704635320925},{"x":284.1949224135455,"y":433.7462122150496}]}
PASS 1366x768.open-nearest-right_pad.own-edge.dpad_down {"distance":0.000006642061123329768,"insideOther":[],"end":{"x":284.1949224135455,"y":478.6578722187117}}
PASS 1366x768.open-nearest-right_pad.glyph-clear.dpad_down []
PASS 1366x768.open-nearest-right_pad.leader-visible.dpad_down {"points":[{"x":169.3343137254902,"y":485.9563738654642},{"x":284.1949224135455,"y":478.6578722187117}]}
PASS 1366x768.open-nearest-right_pad.own-edge.dpad_left {"distance":0.000013927384941325727,"insideOther":[],"end":{"x":263.0257097281662,"y":456.19168403475896}}
PASS 1366x768.open-nearest-right_pad.glyph-clear.dpad_left []
PASS 1366x768.open-nearest-right_pad.leader-visible.dpad_left {"points":[{"x":169.3343137254902,"y":453.86367688646504},{"x":263.0257097281662,"y":456.19168403475896}]}
PASS 1366x768.open-nearest-right_pad.own-edge.dpad_right {"distance":0.00000550513175312517,"insideOther":[],"end":{"x":314.5917586083506,"y":465.078790881587}}
PASS 1366x768.open-nearest-right_pad.glyph-clear.dpad_right []
PASS 1366x768.open-nearest-right_pad.leader-visible.dpad_right {"points":[{"x":169.3343137254902,"y":524.7749380373486},{"x":314.5917586083506,"y":516.1020527259976},{"x":314.5917586083506,"y":465.078790881587}]}
PASS 1366x768.open-nearest-right_pad.own-edge.left_stick {"distance":0.0000033808689750003396,"insideOther":[],"end":{"x":312.96335176954085,"y":397.0234306933833}}
PASS 1366x768.open-nearest-right_pad.glyph-clear.left_stick []
PASS 1366x768.open-nearest-right_pad.leader-visible.left_stick {"points":[{"x":169.3343137254902,"y":382.3993543587479},{"x":312.96335176954085,"y":397.0234306933833}]}
PASS 1366x768.open-nearest-right_pad.own-edge.right_stick {"distance":0.000006178313583404815,"insideOther":[],"end":{"x":672.8401960784314,"y":422.7403502669989}}
PASS 1366x768.open-nearest-right_pad.glyph-clear.right_stick []
PASS 1366x768.open-nearest-right_pad.leader-visible.right_stick {"points":[{"x":882.0524872424556,"y":511.9727737127566},{"x":705.4082109039905,"y":448.25198118920423},{"x":672.8401960784314,"y":445.53796979118795},{"x":672.8401960784314,"y":422.7403502669989}]}
PASS 1366x768.open-nearest-right_pad.own-edge.l1 {"distance":0.000003470626552370959,"insideOther":[],"end":{"x":311.53723054773667,"y":345.6626552207797}}
PASS 1366x768.open-nearest-right_pad.glyph-clear.l1 []
PASS 1366x768.open-nearest-right_pad.leader-visible.l1 {"points":[{"x":271.26358187806375,"y":245.46764705882353},{"x":311.53723054773667,"y":345.6626552207797}]}
PASS 1366x768.open-nearest-right_pad.own-edge.r1 {"distance":0.000003470626552370959,"insideOther":[],"end":{"x":708.4627694522634,"y":345.6626552207797}}
PASS 1366x768.open-nearest-right_pad.glyph-clear.r1 []
PASS 1366x768.open-nearest-right_pad.leader-visible.r1 {"points":[{"x":748.7364181219363,"y":245.46764705882353},{"x":708.4627694522634,"y":345.6626552207797}]}
PASS 1366x768.open-nearest-right_pad.own-edge.l2 {"distance":0.0000045701569320044655,"insideOther":[],"end":{"x":279.33671396292897,"y":321.77942351546943}}
PASS 1366x768.open-nearest-right_pad.glyph-clear.l2 []
PASS 1366x768.open-nearest-right_pad.leader-visible.l2 {"points":[{"x":131.16364279354323,"y":245.46764705882353},{"x":279.33671396292897,"y":321.77942351546943}]}
PASS 1366x768.open-nearest-right_pad.own-edge.r2 {"distance":0.0000045701569320044655,"insideOther":[],"end":{"x":740.6632860370711,"y":321.77942351546943}}
PASS 1366x768.open-nearest-right_pad.glyph-clear.r2 []
PASS 1366x768.open-nearest-right_pad.leader-visible.r2 {"points":[{"x":888.8363572064568,"y":245.46764705882353},{"x":740.6632860370711,"y":321.77942351546943}]}
PASS 1366x768.open-nearest-right_pad.own-edge.l4 {"distance":0.000012566061514007743,"insideOther":[],"end":{"x":316.9148267558977,"y":552.4697139964385}}
PASS 1366x768.open-nearest-right_pad.glyph-clear.l4 []
PASS 1366x768.open-nearest-right_pad.leader-visible.l4 {"points":[{"x":138.01531731100647,"y":689.0323529411764},{"x":316.9148267558977,"y":552.4697139964385}]}
PASS 1366x768.open-nearest-right_pad.own-edge.l5 {"distance":0.000007659313723706873,"insideOther":[],"end":{"x":324.8371668796913,"y":590.46575161803}}
PASS 1366x768.open-nearest-right_pad.glyph-clear.l5 []
PASS 1366x768.open-nearest-right_pad.leader-visible.l5 {"points":[{"x":315.5969672109567,"y":689.0323529411764},{"x":324.8371668796913,"y":590.46575161803}]}
PASS 1366x768.open-nearest-right_pad.own-edge.r4 {"distance":0.000012566061514007743,"insideOther":[],"end":{"x":703.0851732441023,"y":552.4697139964385}}
PASS 1366x768.open-nearest-right_pad.glyph-clear.r4 []
PASS 1366x768.open-nearest-right_pad.leader-visible.r4 {"points":[{"x":881.9846826889936,"y":689.0323529411764},{"x":703.0851732441023,"y":552.4697139964385}]}
PASS 1366x768.open-nearest-right_pad.own-edge.r5 {"distance":0.000007659313723706873,"insideOther":[],"end":{"x":695.1628331203087,"y":590.46575161803}}
PASS 1366x768.open-nearest-right_pad.glyph-clear.r5 []
PASS 1366x768.open-nearest-right_pad.leader-visible.r5 {"points":[{"x":704.4030327890433,"y":689.0323529411764},{"x":695.1628331203087,"y":590.46575161803}]}
PASS 1366x768.open-nearest-right_pad.own-edge.start {"distance":0.000004697313499946176,"insideOther":[],"end":{"x":681.6925317502489,"y":354.890263486376}}
PASS 1366x768.open-nearest-right_pad.glyph-clear.start []
PASS 1366x768.open-nearest-right_pad.leader-visible.start {"points":[{"x":602.4401062610103,"y":245.46764705882353},{"x":681.6925317502489,"y":354.890263486376}]}
PASS 1366x768.open-nearest-right_pad.own-edge.select {"distance":0.000004697313499946176,"insideOther":[],"end":{"x":338.30743776209215,"y":354.890263486376}}
PASS 1366x768.open-nearest-right_pad.glyph-clear.select []
PASS 1366x768.open-nearest-right_pad.leader-visible.select {"points":[{"x":417.55986325133085,"y":245.46764705882353},{"x":338.30743776209215,"y":354.890263486376}]}
PASS 1366x768.open-nearest-right_pad.own-edge.left_pad {"distance":0.000013254203054202662,"insideOther":[],"end":{"x":352.58779622994217,"y":502.5320567112343}}
PASS 1366x768.open-nearest-right_pad.glyph-clear.left_pad []
PASS 1366x768.open-nearest-right_pad.leader-visible.left_pad {"points":[{"x":158.45613409304153,"y":552.6828227323645},{"x":287.451736091165,"y":521.5300755220301},{"x":352.58779622994217,"y":521.5300755220301},{"x":352.58779622994217,"y":502.5320567112343}]}
PASS 1366x768.open-nearest-right_pad.own-edge.right_pad {"distance":0.000013254203054202662,"insideOther":[],"end":{"x":667.412173282399,"y":502.5320567112343}}
PASS 1366x768.open-nearest-right_pad.glyph-clear.right_pad []
PASS 1366x768.open-nearest-right_pad.leader-visible.right_pad {"points":[{"x":857.6657137403301,"y":549.9688113343482},{"x":732.548263908835,"y":521.5300755220301},{"x":667.412173282399,"y":521.5300755220301},{"x":667.412173282399,"y":502.5320567112343}]}
PASS 1366x768.open-nearest-right_pad.own-edge.gyro {"distance":0.00004490871060625068,"insideOther":[],"end":{"x":510,"y":599.1505576040231}}
PASS 1366x768.open-nearest-right_pad.glyph-clear.gyro []
PASS 1366x768.open-nearest-right_pad.leader-visible.gyro {"points":[{"x":510,"y":689.0323529411764},{"x":510,"y":599.1505576040231}]}
PASS 1366x768.open-nearest-right_pad.inside-visible-pane []
PASS 1366x768.open-nearest-right_pad.labels-topmost []
PASS 1366x768.open-nearest-right_pad.labels-unwrapped []
PASS 1366x768.open-nearest-right_pad.no-page-or-pane-scroll [{"id":"HTML","width":1366,"height":768,"clientWidth":1366,"clientHeight":768,"top":0,"left":0},{"id":"BODY","width":1366,"height":768,"clientWidth":1366,"clientHeight":768,"top":0,"left":0},{"id":"tab-editor","width":1366,"height":595,"clientWidth":1366,"clientHeight":595,"top":0,"left":0},{"id":"controller-picture-scroll","width":980,"height":510,"clientWidth":980,"clientHeight":510,"top":0,"left":0}]
PASS 1366x768.open-nearest-right_pad.card-inside-pane {"x":1016,"y":212.5,"right":1346,"bottom":722}
PASS 1366x768.drill.btn_a {"title":"A","hidden":false,"rows":["BTN_A","BTN_A_LAYER_2"]}
PASS 1366x768.drill.btn_b {"title":"B","hidden":false,"rows":["BTN_B","BTN_B_LAYER_2"]}
PASS 1366x768.drill.btn_x {"title":"X","hidden":false,"rows":["BTN_X","BTN_X_LAYER_2"]}
PASS 1366x768.drill.btn_y {"title":"Y","hidden":false,"rows":["BTN_Y","BTN_Y_LAYER_2"]}
PASS 1366x768.drill.dpad_up {"title":"D-pad Up","hidden":false,"rows":["DPAD_UP","DPAD_UP_LONG_PRESS"]}
PASS 1366x768.drill.dpad_down {"title":"D-pad Down","hidden":false,"rows":["DPAD_DOWN","DPAD_DOWN_LONG_PRESS"]}
PASS 1366x768.drill.dpad_left {"title":"D-pad Left","hidden":false,"rows":["DPAD_LEFT","DPAD_LEFT_LONG_PRESS"]}
PASS 1366x768.drill.dpad_right {"title":"D-pad Right","hidden":false,"rows":["DPAD_RIGHT","DPAD_RIGHT_LONG_PRESS"]}
PASS 1366x768.drill.left_stick {"title":"Left stick","hidden":false,"rows":["LEFT_STICK_CLICK_L3","L_STICK_UP","L_STICK_DOWN","L_STICK_LEFT","L_STICK_RIGHT","L_STICK_X_AXIS","L_STICK_Y_AXIS"]}
PASS 1366x768.drill.right_stick {"title":"Right stick","hidden":false,"rows":["RIGHT_STICK_CLICK_R3","R_STICK_UP","R_STICK_DOWN","R_STICK_LEFT","R_STICK_RIGHT","R_STICK_X_AXIS","R_STICK_Y_AXIS"]}
PASS 1366x768.drill.l1 {"title":"L1","hidden":false,"rows":["L1","L1_LAYER_2"]}
PASS 1366x768.drill.r1 {"title":"R1","hidden":false,"rows":["R1","R1_LAYER_2"]}
PASS 1366x768.drill.l2 {"title":"L2","hidden":false,"rows":["L2_SOFT","L2_FULL","L2_SOFT_LAYER_2","L2_FULL_LAYER_2","L_TRIGGER_PRESSURE"]}
PASS 1366x768.drill.r2 {"title":"R2","hidden":false,"rows":["R2_SOFT","R2_FULL","R2_SOFT_LAYER_2","R2_FULL_LAYER_2","R_TRIGGER_PRESSURE"]}
PASS 1366x768.drill.l4 {"title":"L4","hidden":false,"rows":["L4"]}
PASS 1366x768.drill.l5 {"title":"L5","hidden":false,"rows":["L5"]}
PASS 1366x768.drill.r4 {"title":"R4","hidden":false,"rows":["R4"]}
PASS 1366x768.drill.r5 {"title":"R5","hidden":false,"rows":["R5"]}
PASS 1366x768.drill.start {"title":"START","hidden":false,"rows":["START"]}
PASS 1366x768.drill.select {"title":"SELECT","hidden":false,"rows":["SELECT"]}
PASS 1366x768.drill.left_pad {"title":"Left trackpad","hidden":false,"rows":["L_PAD_UP","L_PAD_DOWN","L_PAD_LEFT","L_PAD_RIGHT","L_PAD_UP_LONG_PRESS","L_PAD_DOWN_LONG_PRESS","L_PAD_LEFT_LONG_PRESS","L_PAD_RIGHT_LONG_PRESS","L_PAD_X_POS","L_PAD_Y_POS"]}
PASS 1366x768.drill.right_pad {"title":"Right trackpad","hidden":false,"rows":["R_PAD_UP","R_PAD_DOWN","R_PAD_LEFT","R_PAD_RIGHT","R_PAD_UP_LONG_PRESS","R_PAD_DOWN_LONG_PRESS","R_PAD_LEFT_LONG_PRESS","R_PAD_RIGHT_LONG_PRESS","R_PAD_X_POS","R_PAD_Y_POS"]}
PASS 1366x768.drill.gyro {"title":"Gyro","hidden":false,"rows":["GYRO_FORWARD","GYRO_BACKWARD","GYRO_PITCH","GYRO_YAW","GYRO_ROLL"]}
PASS 1440x900.closed.23-labels ["btn_a","btn_b","btn_x","btn_y","dpad_down","dpad_left","dpad_right","dpad_up","gyro","l1","l2","l4","l5","left_pad","left_stick","r1","r2","r4","r5","right_pad","right_stick","select","start"]
PASS 1440x900.closed.23-leaders ["btn_a","btn_b","btn_x","btn_y","dpad_down","dpad_left","dpad_right","dpad_up","gyro","l1","l2","l4","l5","left_pad","left_stick","r1","r2","r4","r5","right_pad","right_stick","select","start"]
PASS 1440x900.closed.23-shapes ["btn_a","btn_b","btn_x","btn_y","dpad_down","dpad_left","dpad_right","dpad_up","gyro","l1","l2","l4","l5","left_pad","left_stick","r1","r2","r4","r5","right_pad","right_stick","select","start"]
PASS 1440x900.closed.23-arrowheads ["btn_a","btn_b","btn_x","btn_y","dpad_down","dpad_left","dpad_right","dpad_up","gyro","l1","l2","l4","l5","left_pad","left_stick","r1","r2","r4","r5","right_pad","right_stick","select","start"]
PASS 1440x900.closed.label-overlaps []
PASS 1440x900.closed.leader-intersections []
PASS 1440x900.closed.own-edge.btn_a {"distance":0.00001216900318468106,"insideOther":[],"end":{"x":1094.0151245497468,"y":464.6798184831566}}
PASS 1440x900.closed.glyph-clear.btn_a []
PASS 1440x900.closed.leader-visible.btn_a {"points":[{"x":1270.5708722741433,"y":494.25289890847847},{"x":1094.0151245497468,"y":464.6798184831566}]}
PASS 1440x900.closed.own-edge.btn_b {"distance":0.00000988731517281849,"insideOther":[],"end":{"x":1129.7206932376848,"y":427.4456408135245}}
PASS 1440x900.closed.glyph-clear.btn_b []
PASS 1440x900.closed.leader-visible.btn_b {"points":[{"x":1270.5708722741433,"y":438.34283271385505},{"x":1129.7206932376848,"y":427.4456408135245}]}
PASS 1440x900.closed.own-edge.btn_x {"distance":0.000003268042860327114,"insideOther":[],"end":{"x":1041.349508315232,"y":443.09360068015224}}
PASS 1440x900.closed.glyph-clear.btn_x []
PASS 1440x900.closed.leader-visible.btn_x {"points":[{"x":1283.8239702361393,"y":553.9671899433076},{"x":1041.349508315232,"y":493.08129621369073},{"x":1041.349508315232,"y":443.09360068015224}]}
PASS 1440x900.closed.own-edge.btn_y {"distance":0.00001216900318468106,"insideOther":[],"end":{"x":1094.0151245497468,"y":389.8598237676413}}
PASS 1440x900.closed.glyph-clear.btn_y []
PASS 1440x900.closed.leader-visible.btn_y {"points":[{"x":1270.5708722741433,"y":383.94519853443376},{"x":1094.0151245497468,"y":389.8598237676413}]}
PASS 1440x900.closed.own-edge.dpad_up {"distance":1.663730699874577e-7,"insideOther":[],"end":{"x":348.6627504105137,"y":477.82576119491245}}
PASS 1440x900.closed.glyph-clear.dpad_up []
PASS 1440x900.closed.leader-visible.dpad_up {"points":[{"x":169.42912772585666,"y":454.40889321680754},{"x":348.6627504105137,"y":477.82576119491245}]}
PASS 1440x900.closed.own-edge.dpad_down {"distance":1.663730699874577e-7,"insideOther":[],"end":{"x":348.6627504105137,"y":552.203183991144}}
PASS 1440x900.closed.glyph-clear.dpad_down []
PASS 1440x900.closed.leader-visible.dpad_down {"points":[{"x":169.42912772585666,"y":566.0131599212361},{"x":348.6627504105137,"y":552.203183991144}]}
PASS 1440x900.closed.own-edge.dpad_left {"distance":0.000003992954077602917,"insideOther":[],"end":{"x":313.8498880261572,"y":514.9828962522133}}
PASS 1440x900.closed.glyph-clear.dpad_left []
PASS 1440x900.closed.leader-visible.dpad_left {"points":[{"x":169.42912772585666,"y":510.5135099226812},{"x":313.8498880261572,"y":514.9828962522133}]}
PASS 1440x900.closed.own-edge.dpad_right {"distance":0.000005870593327017559,"insideOther":[],"end":{"x":398.65046119095746,"y":529.6794492299683}}
PASS 1440x900.closed.glyph-clear.dpad_right []
PASS 1440x900.closed.leader-visible.dpad_right {"points":[{"x":169.42912772585666,"y":629.8390534065222},{"x":398.65046119095746,"y":613.587377078808},{"x":398.65046119095746,"y":529.6794492299683}]}
PASS 1440x900.closed.own-edge.left_stick {"distance":0.000008960379318523337,"insideOther":[],"end":{"x":395.9725557368863,"y":417.10697354705906}}
PASS 1440x900.closed.glyph-clear.left_stick []
PASS 1440x900.closed.leader-visible.left_stick {"points":[{"x":169.42912772585666,"y":390.1736813126323},{"x":395.9725557368863,"y":417.10697354705906}]}
PASS 1440x900.closed.own-edge.right_stick {"distance":0.000013523755455935316,"insideOther":[],"end":{"x":987.791277258567,"y":460.05372446125546}}
PASS 1440x900.closed.glyph-clear.right_stick []
PASS 1440x900.closed.leader-visible.right_stick {"points":[{"x":1308.523224922727,"y":616.4518131719572},{"x":1041.349508315232,"y":502.0076883856753},{"x":987.791277258567,"y":497.544492299683},{"x":987.791277258567,"y":460.05372446125546}]}
PASS 1440x900.closed.own-edge.l1 {"distance":0.000014587354826289811,"insideOther":[],"end":{"x":395.57497743505553,"y":333.2991797485827}}
PASS 1440x900.closed.glyph-clear.l1 []
PASS 1440x900.closed.leader-visible.l1 {"points":[{"x":373.96120847422753,"y":245.47429906542055},{"x":395.57497743505553,"y":333.2991797485827}]}
PASS 1440x900.closed.own-edge.r1 {"distance":0.000014587354826289811,"insideOther":[],"end":{"x":1044.4249920711338,"y":333.2991797485827}}
PASS 1440x900.closed.glyph-clear.r1 []
PASS 1440x900.closed.leader-visible.r1 {"points":[{"x":1066.0387610319617,"y":245.47429906542055},{"x":1044.4249920711338,"y":333.2991797485827}]}
PASS 1440x900.closed.own-edge.l2 {"distance":0.000005157565738045378,"insideOther":[],"end":{"x":331.70264187631574,"y":296.46926614874246}}
PASS 1440x900.closed.glyph-clear.l2 []
PASS 1440x900.closed.leader-visible.l2 {"points":[{"x":181.32082951625927,"y":245.47429906542055},{"x":331.70264187631574,"y":296.46926614874246}]}
PASS 1440x900.closed.own-edge.r2 {"distance":0.000035651376492751297,"insideOther":[],"end":{"x":1108.2973276298735,"y":296.46926614874246}}
PASS 1440x900.closed.glyph-clear.r2 []
PASS 1440x900.closed.leader-visible.r2 {"points":[{"x":1258.6791399899303,"y":245.47429906542055},{"x":1108.2973276298735,"y":296.46926614874246}]}
PASS 1440x900.closed.own-edge.l4 {"distance":0.000009150519872491714,"insideOther":[],"end":{"x":400.67863502383597,"y":673.3940948533864}}
PASS 1440x900.closed.glyph-clear.l4 []
PASS 1440x900.closed.leader-visible.l4 {"points":[{"x":182.57876018868794,"y":821.0257009345795},{"x":400.67863502383597,"y":673.3940948533864}]}
PASS 1440x900.closed.own-edge.l5 {"distance":0.000025431315066271054,"insideOther":[],"end":{"x":418.7948858908775,"y":735.8787485758463}}
PASS 1440x900.closed.glyph-clear.l5 []
PASS 1440x900.closed.leader-visible.l5 {"points":[{"x":437.0114309007876,"y":821.0257009345795},{"x":418.7948858908775,"y":735.8787485758463}]}
PASS 1440x900.closed.own-edge.r4 {"distance":0.000009150519872491714,"insideOther":[],"end":{"x":1039.321364976164,"y":673.3940948533864}}
PASS 1440x900.closed.glyph-clear.r4 []
PASS 1440x900.closed.leader-visible.r4 {"points":[{"x":1257.4212093175015,"y":821.0257009345795},{"x":1039.321364976164,"y":673.3940948533864}]}
PASS 1440x900.closed.own-edge.r5 {"distance":0.000025431315066271054,"insideOther":[],"end":{"x":1021.2051141091225,"y":735.8787485758463}}
PASS 1440x900.closed.glyph-clear.r5 []
PASS 1440x900.closed.leader-visible.r5 {"points":[{"x":1002.9885386054018,"y":821.0257009345795},{"x":1021.2051141091225,"y":735.8787485758463}]}
PASS 1440x900.closed.own-edge.start {"distance":0.000006036966397005017,"insideOther":[],"end":{"x":999.3955748846226,"y":351.2413643216047}}
PASS 1440x900.closed.glyph-clear.start []
PASS 1440x900.closed.leader-visible.start {"points":[{"x":856.7852321161288,"y":245.47429906542055},{"x":999.3955748846226,"y":351.2413643216047}]}
PASS 1440x900.closed.own-edge.select {"distance":0.000006036966453848436,"insideOther":[],"end":{"x":440.6044251153773,"y":351.2413643216047}}
PASS 1440x900.closed.glyph-clear.select []
PASS 1440x900.closed.leader-visible.select {"points":[{"x":583.2147678838712,"y":245.47429906542055},{"x":440.6044251153773,"y":351.2413643216047}]}
PASS 1440x900.closed.own-edge.left_pad {"distance":0.000026738532142189797,"insideOther":[],"end":{"x":461.135084419607,"y":591.2714576364679}}
PASS 1440x900.closed.glyph-clear.left_pad []
PASS 1440x900.closed.leader-visible.left_pad {"points":[{"x":147.35940768637013,"y":683.3996324865989},{"x":354.01859181246647,"y":622.5137692507925},{"x":461.135084419607,"y":622.5137692507925},{"x":461.135084419607,"y":591.2714576364679}]}
PASS 1440x900.closed.own-edge.right_pad {"distance":0.000026738532142189797,"insideOther":[],"end":{"x":978.8648850865824,"y":591.2714576364679}}
PASS 1440x900.closed.glyph-clear.right_pad []
PASS 1440x900.closed.leader-visible.right_pad {"points":[{"x":1289.4610560527099,"y":678.9364364006067},{"x":1085.9814691751544,"y":622.5137692507925},{"x":978.8648850865824,"y":622.5137692507925},{"x":978.8648850865824,"y":591.2714576364679}]}
PASS 1440x900.closed.own-edge.gyro {"distance":0.000001948941871887655,"insideOther":[],"end":{"x":720,"y":750.1609516559731}}
PASS 1440x900.closed.glyph-clear.gyro []
PASS 1440x900.closed.leader-visible.gyro {"points":[{"x":720,"y":821.0257009345795},{"x":720,"y":750.1609516559731}]}
PASS 1440x900.closed.inside-visible-pane []
PASS 1440x900.closed.labels-topmost []
PASS 1440x900.closed.labels-unwrapped []
PASS 1440x900.closed.no-page-or-pane-scroll [{"id":"HTML","width":1440,"height":900,"clientWidth":1440,"clientHeight":900,"top":0,"left":0},{"id":"BODY","width":1440,"height":900,"clientWidth":1440,"clientHeight":900,"top":0,"left":0},{"id":"tab-editor","width":1440,"height":727,"clientWidth":1440,"clientHeight":727,"top":0,"left":0},{"id":"controller-picture-scroll","width":1400,"height":642,"clientWidth":1400,"clientHeight":642,"top":0,"left":0}]
PASS 1440x900.open-btn_a.23-labels ["btn_a","btn_b","btn_x","btn_y","dpad_down","dpad_left","dpad_right","dpad_up","gyro","l1","l2","l4","l5","left_pad","left_stick","r1","r2","r4","r5","right_pad","right_stick","select","start"]
PASS 1440x900.open-btn_a.23-leaders ["btn_a","btn_b","btn_x","btn_y","dpad_down","dpad_left","dpad_right","dpad_up","gyro","l1","l2","l4","l5","left_pad","left_stick","r1","r2","r4","r5","right_pad","right_stick","select","start"]
PASS 1440x900.open-btn_a.23-shapes ["btn_a","btn_b","btn_x","btn_y","dpad_down","dpad_left","dpad_right","dpad_up","gyro","l1","l2","l4","l5","left_pad","left_stick","r1","r2","r4","r5","right_pad","right_stick","select","start"]
PASS 1440x900.open-btn_a.23-arrowheads ["btn_a","btn_b","btn_x","btn_y","dpad_down","dpad_left","dpad_right","dpad_up","gyro","l1","l2","l4","l5","left_pad","left_stick","r1","r2","r4","r5","right_pad","right_stick","select","start"]
PASS 1440x900.open-btn_a.label-overlaps []
PASS 1440x900.open-btn_a.leader-intersections []
PASS 1440x900.open-btn_a.own-edge.btn_a {"distance":0.000022721810523762542,"insideOther":[],"end":{"x":800.2975691085293,"y":486.55016236587477}}
PASS 1440x900.open-btn_a.glyph-clear.btn_a []
PASS 1440x900.open-btn_a.leader-visible.btn_a {"points":[{"x":924.7056074766356,"y":504.55657452734835},{"x":800.2975691085293,"y":486.55016236587477}]}
PASS 1440x900.open-btn_a.own-edge.btn_b {"distance":0.000025811596401581482,"insideOther":[],"end":{"x":824.4787339540286,"y":461.45860480668017}}
PASS 1440x900.open-btn_a.glyph-clear.btn_b []
PASS 1440x900.open-btn_a.leader-visible.btn_b {"points":[{"x":924.7056074766356,"y":468.0210862917321},{"x":824.4787339540286,"y":461.45860480668017}]}
PASS 1440x900.open-btn_a.own-edge.btn_x {"distance":0.000012668122394643433,"insideOther":[],"end":{"x":764.6303616342515,"y":472.19257858609114}}
PASS 1440x900.open-btn_a.glyph-clear.btn_x []
PASS 1440x900.open-btn_a.leader-visible.btn_x {"points":[{"x":929.6803677282601,"y":542.44284708849},{"x":764.6303616342515,"y":506.0461971722659},{"x":764.6303616342515,"y":472.19257858609114}]}
PASS 1440x900.open-btn_a.own-edge.btn_y {"distance":0.000022721810523762542,"insideOther":[],"end":{"x":800.2975691085293,"y":436.1928970954871}}
PASS 1440x900.open-btn_a.glyph-clear.btn_y []
PASS 1440x900.open-btn_a.leader-visible.btn_y {"points":[{"x":924.7056074766356,"y":432.5916085644303},{"x":800.2975691085293,"y":436.1928970954871}]}
PASS 1440x900.open-btn_a.own-edge.dpad_up {"distance":0.000001948941871887655,"insideOther":[],"end":{"x":295.51601977957375,"y":495.8862998700959}}
PASS 1440x900.open-btn_a.glyph-clear.dpad_up []
PASS 1440x900.open-btn_a.leader-visible.dpad_up {"points":[{"x":169.29439252336454,"y":481.6365422043845},{"x":295.51601977957375,"y":495.8862998700959}]}
PASS 1440x900.open-btn_a.own-edge.dpad_down {"distance":0.000001948941871887655,"insideOther":[],"end":{"x":295.51601977957375,"y":545.9845507137501}}
PASS 1440x900.open-btn_a.glyph-clear.dpad_down []
PASS 1440x900.open-btn_a.leader-visible.dpad_down {"points":[{"x":169.29439252336454,"y":554.3882484792549},{"x":295.51601977957375,"y":545.9845507137501}]}
PASS 1440x900.open-btn_a.own-edge.dpad_left {"distance":0.00000263820186319208,"insideOther":[],"end":{"x":271.9393947280456,"y":520.9219317807588}}
PASS 1440x900.open-btn_a.glyph-clear.dpad_left []
PASS 1440x900.open-btn_a.leader-visible.dpad_left {"points":[{"x":169.29439252336454,"y":518.2335974434826},{"x":271.9393947280456,"y":520.9219317807588}]}
PASS 1440x900.open-btn_a.own-edge.dpad_right {"distance":0.0000378617617116106,"insideOther":[],"end":{"x":329.36963836574853,"y":530.8318713179258}}
PASS 1440x900.open-btn_a.glyph-clear.dpad_right []
PASS 1440x900.open-btn_a.leader-visible.dpad_right {"points":[{"x":169.29439252336454,"y":597.624538124536},{"x":329.36963836574853,"y":587.6576056554682},{"x":329.36963836574853,"y":530.8318713179258}]}
PASS 1440x900.open-btn_a.own-edge.left_stick {"distance":0.000011313370066545758,"insideOther":[],"end":{"x":327.55604947764556,"y":454.93445404147803}}
PASS 1440x900.open-btn_a.glyph-clear.left_stick []
PASS 1440x900.open-btn_a.leader-visible.left_stick {"points":[{"x":169.29439252336454,"y":438.1952426708376},{"x":327.55604947764556,"y":454.93445404147803}]}
PASS 1440x900.open-btn_a.own-edge.right_stick {"distance":0.0000018063363995679538,"insideOther":[],"end":{"x":728.3586448598131,"y":483.67865170868015}}
PASS 1440x900.open-btn_a.glyph-clear.right_stick []
PASS 1440x900.open-btn_a.leader-visible.right_stick {"points":[{"x":957.8051751157577,"y":584.7598398273979},{"x":764.6303616342515,"y":512.091503630546},{"x":728.3586448598131,"y":509.06883515450073},{"x":728.3586448598131,"y":483.67865170868015}]}
PASS 1440x900.open-btn_a.own-edge.l1 {"distance":1.3072173032924184e-7,"insideOther":[],"end":{"x":327.171400551484,"y":397.8355409022061}}
PASS 1440x900.open-btn_a.glyph-clear.l1 []
PASS 1440x900.open-btn_a.leader-visible.l1 {"points":[{"x":287.5981798974153,"y":245.47429906542055},{"x":327.171400551484,"y":397.8355409022061}]}
PASS 1440x900.open-btn_a.own-edge.r1 {"distance":1.3072173032924184e-7,"insideOther":[],"end":{"x":766.828599448516,"y":397.8355409022061}}
PASS 1440x900.open-btn_a.glyph-clear.r1 []
PASS 1440x900.open-btn_a.leader-visible.r1 {"points":[{"x":806.4018201025847,"y":245.47429906542055},{"x":766.828599448516,"y":397.8355409022061}]}
PASS 1440x900.open-btn_a.own-edge.l2 {"distance":0.000010778599403238331,"insideOther":[],"end":{"x":296.6617332292123,"y":371.23627786844315}}
PASS 1440x900.open-btn_a.glyph-clear.l2 []
PASS 1440x900.open-btn_a.leader-visible.l2 {"points":[{"x":128.24703245668027,"y":245.47429906542055},{"x":296.6617332292123,"y":371.23627786844315}]}
PASS 1440x900.open-btn_a.own-edge.r2 {"distance":0.000010778599403238331,"insideOther":[],"end":{"x":797.3382667707878,"y":371.23627786844315}}
PASS 1440x900.open-btn_a.glyph-clear.r2 []
PASS 1440x900.open-btn_a.leader-visible.r2 {"points":[{"x":965.7529599198672,"y":245.47429906542055},{"x":797.3382667707878,"y":371.23627786844315}]}
PASS 1440x900.open-btn_a.own-edge.l4 {"distance":0.0000012359143966023112,"insideOther":[],"end":{"x":334.1847940130026,"y":628.1610095062731}}
PASS 1440x900.open-btn_a.glyph-clear.l4 []
PASS 1440x900.open-btn_a.leader-visible.l4 {"points":[{"x":140.76018285899895,"y":821.0257009345795},{"x":334.1847940130026,"y":628.1610095062731}]}
PASS 1440x900.open-btn_a.own-edge.l5 {"distance":0.000005395241601036105,"insideOther":[],"end":{"x":341.2462457199334,"y":670.4780327389916}}
PASS 1440x900.open-btn_a.glyph-clear.l5 []
PASS 1440x900.open-btn_a.leader-visible.l5 {"points":[{"x":336.8062249299522,"y":821.0257009345795},{"x":341.2462457199334,"y":670.4780327389916}]}
PASS 1440x900.open-btn_a.own-edge.r4 {"distance":0.0000012359143966023112,"insideOther":[],"end":{"x":759.8152059869974,"y":628.1610095062731}}
PASS 1440x900.open-btn_a.glyph-clear.r4 []
PASS 1440x900.open-btn_a.leader-visible.r4 {"points":[{"x":953.2398247644537,"y":821.0257009345795},{"x":759.8152059869974,"y":628.1610095062731}]}
PASS 1440x900.open-btn_a.own-edge.r5 {"distance":0.000005395241601036105,"insideOther":[],"end":{"x":752.7537542800666,"y":670.4780327389916}}
PASS 1440x900.open-btn_a.glyph-clear.r5 []
PASS 1440x900.open-btn_a.leader-visible.r5 {"points":[{"x":757.1937750700479,"y":821.0257009345795},{"x":752.7537542800666,"y":670.4780327389916}]}
PASS 1440x900.open-btn_a.own-edge.start {"distance":0.000014391272202374239,"insideOther":[],"end":{"x":739.2064520339728,"y":408.1125344368528}}
PASS 1440x900.open-btn_a.glyph-clear.start []
PASS 1440x900.open-btn_a.leader-visible.start {"points":[{"x":643.5778011904328,"y":245.47429906542055},{"x":739.2064520339728,"y":408.1125344368528}]}
PASS 1440x900.open-btn_a.own-edge.select {"distance":0.000014391272202374239,"insideOther":[],"end":{"x":354.79357845983776,"y":408.1125344368528}}
PASS 1440x900.open-btn_a.glyph-clear.select []
PASS 1440x900.open-btn_a.leader-visible.select {"points":[{"x":450.4221988095673,"y":245.47429906542055},{"x":354.79357845983776,"y":408.1125344368528}]}
PASS 1440x900.open-btn_a.own-edge.left_pad {"distance":0.00001269188999231119,"insideOther":[],"end":{"x":371.6866311046565,"y":572.5443852504837}}
PASS 1440x900.open-btn_a.glyph-clear.left_pad []
PASS 1440x900.open-btn_a.leader-visible.left_pad {"points":[{"x":155.503002570797,"y":630.0995010423512},{"x":299.1431975557797,"y":593.7028816199377},{"x":371.6866311046565,"y":593.7028816199377},{"x":371.6866311046565,"y":572.5443852504837}]}
PASS 1440x900.open-btn_a.own-edge.right_pad {"distance":0.00001269188999231119,"insideOther":[],"end":{"x":722.3133688953435,"y":572.5443852504837}}
PASS 1440x900.open-btn_a.glyph-clear.right_pad []
PASS 1440x900.open-btn_a.leader-visible.right_pad {"points":[{"x":934.8000345675745,"y":627.0768630601165},{"x":794.8568024442203,"y":593.7028816199377},{"x":722.3133688953435,"y":593.7028816199377},{"x":722.3133688953435,"y":572.5443852504837}]}
PASS 1440x900.open-btn_a.own-edge.gyro {"distance":0.000004278165192772576,"insideOther":[],"end":{"x":547,"y":680.1505169734777}}
PASS 1440x900.open-btn_a.glyph-clear.gyro []
PASS 1440x900.open-btn_a.leader-visible.gyro {"points":[{"x":547,"y":821.0257009345795},{"x":547,"y":680.1505169734777}]}
PASS 1440x900.open-btn_a.inside-visible-pane []
PASS 1440x900.open-btn_a.labels-topmost []
PASS 1440x900.open-btn_a.labels-unwrapped []
PASS 1440x900.open-btn_a.no-page-or-pane-scroll [{"id":"HTML","width":1440,"height":900,"clientWidth":1440,"clientHeight":900,"top":0,"left":0},{"id":"BODY","width":1440,"height":900,"clientWidth":1440,"clientHeight":900,"top":0,"left":0},{"id":"tab-editor","width":1440,"height":727,"clientWidth":1440,"clientHeight":727,"top":0,"left":0},{"id":"controller-picture-scroll","width":1054,"height":642,"clientWidth":1054,"clientHeight":642,"top":0,"left":0}]
PASS 1440x900.open-btn_a.card-inside-pane {"x":1090,"y":212.5,"right":1420,"bottom":854}
PASS 1440x900.open-nearest-right_pad.23-labels ["btn_a","btn_b","btn_x","btn_y","dpad_down","dpad_left","dpad_right","dpad_up","gyro","l1","l2","l4","l5","left_pad","left_stick","r1","r2","r4","r5","right_pad","right_stick","select","start"]
PASS 1440x900.open-nearest-right_pad.23-leaders ["btn_a","btn_b","btn_x","btn_y","dpad_down","dpad_left","dpad_right","dpad_up","gyro","l1","l2","l4","l5","left_pad","left_stick","r1","r2","r4","r5","right_pad","right_stick","select","start"]
PASS 1440x900.open-nearest-right_pad.23-shapes ["btn_a","btn_b","btn_x","btn_y","dpad_down","dpad_left","dpad_right","dpad_up","gyro","l1","l2","l4","l5","left_pad","left_stick","r1","r2","r4","r5","right_pad","right_stick","select","start"]
PASS 1440x900.open-nearest-right_pad.23-arrowheads ["btn_a","btn_b","btn_x","btn_y","dpad_down","dpad_left","dpad_right","dpad_up","gyro","l1","l2","l4","l5","left_pad","left_stick","r1","r2","r4","r5","right_pad","right_stick","select","start"]
PASS 1440x900.open-nearest-right_pad.label-overlaps []
PASS 1440x900.open-nearest-right_pad.leader-intersections []
PASS 1440x900.open-nearest-right_pad.own-edge.btn_a {"distance":0.000022721810523762542,"insideOther":[],"end":{"x":800.2975691085293,"y":486.55016236587477}}
PASS 1440x900.open-nearest-right_pad.glyph-clear.btn_a []
PASS 1440x900.open-nearest-right_pad.leader-visible.btn_a {"points":[{"x":924.7056074766356,"y":504.55657452734835},{"x":800.2975691085293,"y":486.55016236587477}]}
PASS 1440x900.open-nearest-right_pad.own-edge.btn_b {"distance":0.000025811596401581482,"insideOther":[],"end":{"x":824.4787339540286,"y":461.45860480668017}}
PASS 1440x900.open-nearest-right_pad.glyph-clear.btn_b []
PASS 1440x900.open-nearest-right_pad.leader-visible.btn_b {"points":[{"x":924.7056074766356,"y":468.0210862917321},{"x":824.4787339540286,"y":461.45860480668017}]}
PASS 1440x900.open-nearest-right_pad.own-edge.btn_x {"distance":0.000012668122394643433,"insideOther":[],"end":{"x":764.6303616342515,"y":472.19257858609114}}
PASS 1440x900.open-nearest-right_pad.glyph-clear.btn_x []
PASS 1440x900.open-nearest-right_pad.leader-visible.btn_x {"points":[{"x":929.6803677282601,"y":542.44284708849},{"x":764.6303616342515,"y":506.0461971722659},{"x":764.6303616342515,"y":472.19257858609114}]}
PASS 1440x900.open-nearest-right_pad.own-edge.btn_y {"distance":0.000022721810523762542,"insideOther":[],"end":{"x":800.2975691085293,"y":436.1928970954871}}
PASS 1440x900.open-nearest-right_pad.glyph-clear.btn_y []
PASS 1440x900.open-nearest-right_pad.leader-visible.btn_y {"points":[{"x":924.7056074766356,"y":432.5916085644303},{"x":800.2975691085293,"y":436.1928970954871}]}
PASS 1440x900.open-nearest-right_pad.own-edge.dpad_up {"distance":0.000001948941871887655,"insideOther":[],"end":{"x":295.51601977957375,"y":495.8862998700959}}
PASS 1440x900.open-nearest-right_pad.glyph-clear.dpad_up []
PASS 1440x900.open-nearest-right_pad.leader-visible.dpad_up {"points":[{"x":169.29439252336454,"y":481.6365422043845},{"x":295.51601977957375,"y":495.8862998700959}]}
PASS 1440x900.open-nearest-right_pad.own-edge.dpad_down {"distance":0.000001948941871887655,"insideOther":[],"end":{"x":295.51601977957375,"y":545.9845507137501}}
PASS 1440x900.open-nearest-right_pad.glyph-clear.dpad_down []
PASS 1440x900.open-nearest-right_pad.leader-visible.dpad_down {"points":[{"x":169.29439252336454,"y":554.3882484792549},{"x":295.51601977957375,"y":545.9845507137501}]}
PASS 1440x900.open-nearest-right_pad.own-edge.dpad_left {"distance":0.00000263820186319208,"insideOther":[],"end":{"x":271.9393947280456,"y":520.9219317807588}}
PASS 1440x900.open-nearest-right_pad.glyph-clear.dpad_left []
PASS 1440x900.open-nearest-right_pad.leader-visible.dpad_left {"points":[{"x":169.29439252336454,"y":518.2335974434826},{"x":271.9393947280456,"y":520.9219317807588}]}
PASS 1440x900.open-nearest-right_pad.own-edge.dpad_right {"distance":0.0000378617617116106,"insideOther":[],"end":{"x":329.36963836574853,"y":530.8318713179258}}
PASS 1440x900.open-nearest-right_pad.glyph-clear.dpad_right []
PASS 1440x900.open-nearest-right_pad.leader-visible.dpad_right {"points":[{"x":169.29439252336454,"y":597.624538124536},{"x":329.36963836574853,"y":587.6576056554682},{"x":329.36963836574853,"y":530.8318713179258}]}
PASS 1440x900.open-nearest-right_pad.own-edge.left_stick {"distance":0.000011313370066545758,"insideOther":[],"end":{"x":327.55604947764556,"y":454.93445404147803}}
PASS 1440x900.open-nearest-right_pad.glyph-clear.left_stick []
PASS 1440x900.open-nearest-right_pad.leader-visible.left_stick {"points":[{"x":169.29439252336454,"y":438.1952426708376},{"x":327.55604947764556,"y":454.93445404147803}]}
PASS 1440x900.open-nearest-right_pad.own-edge.right_stick {"distance":0.0000018063363995679538,"insideOther":[],"end":{"x":728.3586448598131,"y":483.67865170868015}}
PASS 1440x900.open-nearest-right_pad.glyph-clear.right_stick []
PASS 1440x900.open-nearest-right_pad.leader-visible.right_stick {"points":[{"x":957.8051751157577,"y":584.7598398273979},{"x":764.6303616342515,"y":512.091503630546},{"x":728.3586448598131,"y":509.06883515450073},{"x":728.3586448598131,"y":483.67865170868015}]}
PASS 1440x900.open-nearest-right_pad.own-edge.l1 {"distance":1.3072173032924184e-7,"insideOther":[],"end":{"x":327.171400551484,"y":397.8355409022061}}
PASS 1440x900.open-nearest-right_pad.glyph-clear.l1 []
PASS 1440x900.open-nearest-right_pad.leader-visible.l1 {"points":[{"x":287.5981798974153,"y":245.47429906542055},{"x":327.171400551484,"y":397.8355409022061}]}
PASS 1440x900.open-nearest-right_pad.own-edge.r1 {"distance":1.3072173032924184e-7,"insideOther":[],"end":{"x":766.828599448516,"y":397.8355409022061}}
PASS 1440x900.open-nearest-right_pad.glyph-clear.r1 []
PASS 1440x900.open-nearest-right_pad.leader-visible.r1 {"points":[{"x":806.4018201025847,"y":245.47429906542055},{"x":766.828599448516,"y":397.8355409022061}]}
PASS 1440x900.open-nearest-right_pad.own-edge.l2 {"distance":0.000010778599403238331,"insideOther":[],"end":{"x":296.6617332292123,"y":371.23627786844315}}
PASS 1440x900.open-nearest-right_pad.glyph-clear.l2 []
PASS 1440x900.open-nearest-right_pad.leader-visible.l2 {"points":[{"x":128.24703245668027,"y":245.47429906542055},{"x":296.6617332292123,"y":371.23627786844315}]}
PASS 1440x900.open-nearest-right_pad.own-edge.r2 {"distance":0.000010778599403238331,"insideOther":[],"end":{"x":797.3382667707878,"y":371.23627786844315}}
PASS 1440x900.open-nearest-right_pad.glyph-clear.r2 []
PASS 1440x900.open-nearest-right_pad.leader-visible.r2 {"points":[{"x":965.7529599198672,"y":245.47429906542055},{"x":797.3382667707878,"y":371.23627786844315}]}
PASS 1440x900.open-nearest-right_pad.own-edge.l4 {"distance":0.0000012359143966023112,"insideOther":[],"end":{"x":334.1847940130026,"y":628.1610095062731}}
PASS 1440x900.open-nearest-right_pad.glyph-clear.l4 []
PASS 1440x900.open-nearest-right_pad.leader-visible.l4 {"points":[{"x":140.76018285899895,"y":821.0257009345795},{"x":334.1847940130026,"y":628.1610095062731}]}
PASS 1440x900.open-nearest-right_pad.own-edge.l5 {"distance":0.000005395241601036105,"insideOther":[],"end":{"x":341.2462457199334,"y":670.4780327389916}}
PASS 1440x900.open-nearest-right_pad.glyph-clear.l5 []
PASS 1440x900.open-nearest-right_pad.leader-visible.l5 {"points":[{"x":336.8062249299522,"y":821.0257009345795},{"x":341.2462457199334,"y":670.4780327389916}]}
PASS 1440x900.open-nearest-right_pad.own-edge.r4 {"distance":0.0000012359143966023112,"insideOther":[],"end":{"x":759.8152059869974,"y":628.1610095062731}}
PASS 1440x900.open-nearest-right_pad.glyph-clear.r4 []
PASS 1440x900.open-nearest-right_pad.leader-visible.r4 {"points":[{"x":953.2398247644537,"y":821.0257009345795},{"x":759.8152059869974,"y":628.1610095062731}]}
PASS 1440x900.open-nearest-right_pad.own-edge.r5 {"distance":0.000005395241601036105,"insideOther":[],"end":{"x":752.7537542800666,"y":670.4780327389916}}
PASS 1440x900.open-nearest-right_pad.glyph-clear.r5 []
PASS 1440x900.open-nearest-right_pad.leader-visible.r5 {"points":[{"x":757.1937750700479,"y":821.0257009345795},{"x":752.7537542800666,"y":670.4780327389916}]}
PASS 1440x900.open-nearest-right_pad.own-edge.start {"distance":0.000014391272202374239,"insideOther":[],"end":{"x":739.2064520339728,"y":408.1125344368528}}
PASS 1440x900.open-nearest-right_pad.glyph-clear.start []
PASS 1440x900.open-nearest-right_pad.leader-visible.start {"points":[{"x":643.5778011904328,"y":245.47429906542055},{"x":739.2064520339728,"y":408.1125344368528}]}
PASS 1440x900.open-nearest-right_pad.own-edge.select {"distance":0.000014391272202374239,"insideOther":[],"end":{"x":354.79357845983776,"y":408.1125344368528}}
PASS 1440x900.open-nearest-right_pad.glyph-clear.select []
PASS 1440x900.open-nearest-right_pad.leader-visible.select {"points":[{"x":450.4221988095673,"y":245.47429906542055},{"x":354.79357845983776,"y":408.1125344368528}]}
PASS 1440x900.open-nearest-right_pad.own-edge.left_pad {"distance":0.00001269188999231119,"insideOther":[],"end":{"x":371.6866311046565,"y":572.5443852504837}}
PASS 1440x900.open-nearest-right_pad.glyph-clear.left_pad []
PASS 1440x900.open-nearest-right_pad.leader-visible.left_pad {"points":[{"x":155.503002570797,"y":630.0995010423512},{"x":299.1431975557797,"y":593.7028816199377},{"x":371.6866311046565,"y":593.7028816199377},{"x":371.6866311046565,"y":572.5443852504837}]}
PASS 1440x900.open-nearest-right_pad.own-edge.right_pad {"distance":0.00001269188999231119,"insideOther":[],"end":{"x":722.3133688953435,"y":572.5443852504837}}
PASS 1440x900.open-nearest-right_pad.glyph-clear.right_pad []
PASS 1440x900.open-nearest-right_pad.leader-visible.right_pad {"points":[{"x":934.8000345675745,"y":627.0768630601165},{"x":794.8568024442203,"y":593.7028816199377},{"x":722.3133688953435,"y":593.7028816199377},{"x":722.3133688953435,"y":572.5443852504837}]}
PASS 1440x900.open-nearest-right_pad.own-edge.gyro {"distance":0.000004278165192772576,"insideOther":[],"end":{"x":547,"y":680.1505169734777}}
PASS 1440x900.open-nearest-right_pad.glyph-clear.gyro []
PASS 1440x900.open-nearest-right_pad.leader-visible.gyro {"points":[{"x":547,"y":821.0257009345795},{"x":547,"y":680.1505169734777}]}
PASS 1440x900.open-nearest-right_pad.inside-visible-pane []
PASS 1440x900.open-nearest-right_pad.labels-topmost []
PASS 1440x900.open-nearest-right_pad.labels-unwrapped []
PASS 1440x900.open-nearest-right_pad.no-page-or-pane-scroll [{"id":"HTML","width":1440,"height":900,"clientWidth":1440,"clientHeight":900,"top":0,"left":0},{"id":"BODY","width":1440,"height":900,"clientWidth":1440,"clientHeight":900,"top":0,"left":0},{"id":"tab-editor","width":1440,"height":727,"clientWidth":1440,"clientHeight":727,"top":0,"left":0},{"id":"controller-picture-scroll","width":1054,"height":642,"clientWidth":1054,"clientHeight":642,"top":0,"left":0}]
PASS 1440x900.open-nearest-right_pad.card-inside-pane {"x":1090,"y":212.5,"right":1420,"bottom":854}
PASS 1440x900.drill.btn_a {"title":"A","hidden":false,"rows":["BTN_A","BTN_A_LAYER_2"]}
PASS 1440x900.drill.btn_b {"title":"B","hidden":false,"rows":["BTN_B","BTN_B_LAYER_2"]}
PASS 1440x900.drill.btn_x {"title":"X","hidden":false,"rows":["BTN_X","BTN_X_LAYER_2"]}
PASS 1440x900.drill.btn_y {"title":"Y","hidden":false,"rows":["BTN_Y","BTN_Y_LAYER_2"]}
PASS 1440x900.drill.dpad_up {"title":"D-pad Up","hidden":false,"rows":["DPAD_UP","DPAD_UP_LONG_PRESS"]}
PASS 1440x900.drill.dpad_down {"title":"D-pad Down","hidden":false,"rows":["DPAD_DOWN","DPAD_DOWN_LONG_PRESS"]}
PASS 1440x900.drill.dpad_left {"title":"D-pad Left","hidden":false,"rows":["DPAD_LEFT","DPAD_LEFT_LONG_PRESS"]}
PASS 1440x900.drill.dpad_right {"title":"D-pad Right","hidden":false,"rows":["DPAD_RIGHT","DPAD_RIGHT_LONG_PRESS"]}
PASS 1440x900.drill.left_stick {"title":"Left stick","hidden":false,"rows":["LEFT_STICK_CLICK_L3","L_STICK_UP","L_STICK_DOWN","L_STICK_LEFT","L_STICK_RIGHT","L_STICK_X_AXIS","L_STICK_Y_AXIS"]}
PASS 1440x900.drill.right_stick {"title":"Right stick","hidden":false,"rows":["RIGHT_STICK_CLICK_R3","R_STICK_UP","R_STICK_DOWN","R_STICK_LEFT","R_STICK_RIGHT","R_STICK_X_AXIS","R_STICK_Y_AXIS"]}
PASS 1440x900.drill.l1 {"title":"L1","hidden":false,"rows":["L1","L1_LAYER_2"]}
PASS 1440x900.drill.r1 {"title":"R1","hidden":false,"rows":["R1","R1_LAYER_2"]}
PASS 1440x900.drill.l2 {"title":"L2","hidden":false,"rows":["L2_SOFT","L2_FULL","L2_SOFT_LAYER_2","L2_FULL_LAYER_2","L_TRIGGER_PRESSURE"]}
PASS 1440x900.drill.r2 {"title":"R2","hidden":false,"rows":["R2_SOFT","R2_FULL","R2_SOFT_LAYER_2","R2_FULL_LAYER_2","R_TRIGGER_PRESSURE"]}
PASS 1440x900.drill.l4 {"title":"L4","hidden":false,"rows":["L4"]}
PASS 1440x900.drill.l5 {"title":"L5","hidden":false,"rows":["L5"]}
PASS 1440x900.drill.r4 {"title":"R4","hidden":false,"rows":["R4"]}
PASS 1440x900.drill.r5 {"title":"R5","hidden":false,"rows":["R5"]}
PASS 1440x900.drill.start {"title":"START","hidden":false,"rows":["START"]}
PASS 1440x900.drill.select {"title":"SELECT","hidden":false,"rows":["SELECT"]}
PASS 1440x900.drill.left_pad {"title":"Left trackpad","hidden":false,"rows":["L_PAD_UP","L_PAD_DOWN","L_PAD_LEFT","L_PAD_RIGHT","L_PAD_UP_LONG_PRESS","L_PAD_DOWN_LONG_PRESS","L_PAD_LEFT_LONG_PRESS","L_PAD_RIGHT_LONG_PRESS","L_PAD_X_POS","L_PAD_Y_POS"]}
PASS 1440x900.drill.right_pad {"title":"Right trackpad","hidden":false,"rows":["R_PAD_UP","R_PAD_DOWN","R_PAD_LEFT","R_PAD_RIGHT","R_PAD_UP_LONG_PRESS","R_PAD_DOWN_LONG_PRESS","R_PAD_LEFT_LONG_PRESS","R_PAD_RIGHT_LONG_PRESS","R_PAD_X_POS","R_PAD_Y_POS"]}
PASS 1440x900.drill.gyro {"title":"Gyro","hidden":false,"rows":["GYRO_FORWARD","GYRO_BACKWARD","GYRO_PITCH","GYRO_YAW","GYRO_ROLL"]}
PASS 1920x1080.closed.23-labels ["btn_a","btn_b","btn_x","btn_y","dpad_down","dpad_left","dpad_right","dpad_up","gyro","l1","l2","l4","l5","left_pad","left_stick","r1","r2","r4","r5","right_pad","right_stick","select","start"]
PASS 1920x1080.closed.23-leaders ["btn_a","btn_b","btn_x","btn_y","dpad_down","dpad_left","dpad_right","dpad_up","gyro","l1","l2","l4","l5","left_pad","left_stick","r1","r2","r4","r5","right_pad","right_stick","select","start"]
PASS 1920x1080.closed.23-shapes ["btn_a","btn_b","btn_x","btn_y","dpad_down","dpad_left","dpad_right","dpad_up","gyro","l1","l2","l4","l5","left_pad","left_stick","r1","r2","r4","r5","right_pad","right_stick","select","start"]
PASS 1920x1080.closed.23-arrowheads ["btn_a","btn_b","btn_x","btn_y","dpad_down","dpad_left","dpad_right","dpad_up","gyro","l1","l2","l4","l5","left_pad","left_stick","r1","r2","r4","r5","right_pad","right_stick","select","start"]
PASS 1920x1080.closed.label-overlaps []
PASS 1920x1080.closed.leader-intersections []
PASS 1920x1080.closed.own-edge.btn_a {"distance":0.00004833806178794475,"insideOther":[],"end":{"x":1463.8899663103757,"y":530.6344947536496}}
PASS 1920x1080.closed.glyph-clear.btn_a []
PASS 1920x1080.closed.leader-visible.btn_a {"points":[{"x":1750.5188564476884,"y":575.7011509544948},{"x":1463.8899663103757,"y":530.6344947536496}]}
PASS 1920x1080.closed.own-edge.btn_b {"distance":0.000029626553896378027,"insideOther":[],"end":{"x":1511.9939889281336,"y":480.5816460676727}}
PASS 1920x1080.closed.glyph-clear.btn_b []
PASS 1920x1080.closed.leader-visible.btn_b {"points":[{"x":1750.5188564476884,"y":497.7413679433855},{"x":1511.9939889281336,"y":480.5816460676727}]}
PASS 1920x1080.closed.own-edge.btn_x {"distance":0.000013829437762069574,"insideOther":[],"end":{"x":1392.9364475519408,"y":501.7872757923284}}
PASS 1920x1080.closed.glyph-clear.btn_x []
PASS 1920x1080.closed.leader-visible.btn_x {"points":[{"x":1760.3353914506824,"y":656.3631772043641},{"x":1392.9364475519408,"y":569.1329440560073},{"x":1392.9364475519408,"y":501.7872757923284}]}
PASS 1920x1080.closed.own-edge.btn_y {"distance":0.00004833806178794475,"insideOther":[],"end":{"x":1463.8899663103757,"y":430.11526123566637}}
PASS 1920x1080.closed.glyph-clear.btn_y []
PASS 1920x1080.closed.leader-visible.btn_y {"points":[{"x":1750.5188564476884,"y":421.1019330453988},{"x":1463.8899663103757,"y":430.11526123566637}]}
PASS 1920x1080.closed.own-edge.dpad_up {"distance":0.000011286306346391939,"insideOther":[],"end":{"x":459.7178231863499,"y":548.7341352773699}}
PASS 1920x1080.closed.glyph-clear.dpad_up []
PASS 1920x1080.closed.leader-visible.dpad_up {"points":[{"x":169.48114355231138,"y":513.1396801987994},{"x":459.7178231863499,"y":548.7341352773699}]}
PASS 1920x1080.closed.own-edge.dpad_down {"distance":0.000011286306346391939,"insideOther":[],"end":{"x":459.7178231863499,"y":648.6936813688626}}
PASS 1920x1080.closed.glyph-clear.dpad_down []
PASS 1920x1080.closed.leader-visible.dpad_down {"points":[{"x":169.48114355231138,"y":669.6852995044123},{"x":459.7178231863499,"y":648.6936813688626}]}
PASS 1920x1080.closed.own-edge.dpad_left {"distance":0.0000010024021435128816,"insideOther":[],"end":{"x":412.816376734824,"y":598.6788649547419}}
PASS 1920x1080.closed.glyph-clear.dpad_left []
PASS 1920x1080.closed.leader-visible.dpad_left {"points":[{"x":169.48114355231138,"y":591.6765655740335},{"x":412.816376734824,"y":598.6788649547419}]}
PASS 1920x1080.closed.own-edge.dpad_right {"distance":0.000028642714710258588,"insideOther":[],"end":{"x":527.0634914500289,"y":618.4396038380272}}
PASS 1920x1080.closed.glyph-clear.dpad_right []
PASS 1920x1080.closed.leader-visible.dpad_right {"points":[{"x":169.48114355231138,"y":755.4557277930044},{"x":527.0634914500289,"y":731.4841118879851},{"x":527.0634914500289,"y":618.4396038380272}]}
PASS 1920x1080.closed.own-edge.left_stick {"distance":0.000013476740605256055,"insideOther":[],"end":{"x":523.4557019533031,"y":467.078085126668}}
PASS 1920x1080.closed.glyph-clear.left_stick []
PASS 1920x1080.closed.leader-visible.left_stick {"points":[{"x":169.48114355231138,"y":427.05639301309327},{"x":523.4557019533031,"y":467.078085126668}]}
PASS 1920x1080.closed.own-edge.right_stick {"distance":0.00003831403967069491,"insideOther":[],"end":{"x":1320.7804136253042,"y":524.6366804359603}}
PASS 1920x1080.closed.glyph-clear.right_stick []
PASS 1920x1080.closed.leader-visible.right_stick {"points":[{"x":1786.4619457681104,"y":740.5452472844553},{"x":1392.9364475519408,"y":581.1589497104469},{"x":1320.7804136253042,"y":575.1459468832271},{"x":1320.7804136253042,"y":524.6366804359603}]}
PASS 1920x1080.closed.own-edge.l1 {"distance":0.00001312404367581621,"insideOther":[],"end":{"x":522.647386555544,"y":353.8672964462688}}
PASS 1920x1080.closed.glyph-clear.l1 []
PASS 1920x1080.closed.leader-visible.l1 {"points":[{"x":494.2179126043389,"y":245.47992700729927},{"x":522.647386555544,"y":353.8672964462688}]}
PASS 1920x1080.closed.own-edge.r1 {"distance":0.00001312404367581621,"insideOther":[],"end":{"x":1397.3525829454409,"y":353.8672964462688}}
PASS 1920x1080.closed.glyph-clear.r1 []
PASS 1920x1080.closed.leader-visible.r1 {"points":[{"x":1425.7820568966458,"y":245.47992700729927},{"x":1397.3525829454409,"y":353.8672964462688}]}
PASS 1920x1080.closed.own-edge.l2 {"distance":0.000010358156032452825,"insideOther":[],"end":{"x":436.8683880437029,"y":306.71666541644834}}
PASS 1920x1080.closed.glyph-clear.l2 []
PASS 1920x1080.closed.leader-visible.l2 {"points":[{"x":228.22055398054653,"y":245.47992700729927},{"x":436.8683880437029,"y":306.71666541644834}]}
PASS 1920x1080.closed.own-edge.r2 {"distance":0.000040838608128979104,"insideOther":[],"end":{"x":1483.1315509582669,"y":306.71666541644834}}
PASS 1920x1080.closed.glyph-clear.r2 []
PASS 1920x1080.closed.leader-visible.r2 {"points":[{"x":1691.7794612689609,"y":245.47992700729927},{"x":1483.1315509582669,"y":306.71666541644834}]}
PASS 1920x1080.closed.own-edge.l4 {"distance":0.000012325834404691705,"insideOther":[],"end":{"x":528.4720274653747,"y":812.0584229703657}}
PASS 1920x1080.closed.glyph-clear.l4 []
PASS 1920x1080.closed.leader-visible.l4 {"points":[{"x":231.97906961000163,"y":1001.0200729927008},{"x":528.4720274653747,"y":812.0584229703657}]}
PASS 1920x1080.closed.own-edge.l5 {"distance":0.000016001309177227085,"insideOther":[],"end":{"x":554.6763237723468,"y":896.2405235494721}}
PASS 1920x1080.closed.glyph-clear.l5 []
PASS 1920x1080.closed.leader-visible.l5 {"points":[{"x":580.529850906409,"y":1001.0200729927008},{"x":554.6763237723468,"y":896.2405235494721}]}
PASS 1920x1080.closed.own-edge.r4 {"distance":0.000012325834404691705,"insideOther":[],"end":{"x":1391.5280030336403,"y":812.0584229703657}}
PASS 1920x1080.closed.glyph-clear.r4 []
PASS 1920x1080.closed.leader-visible.r4 {"points":[{"x":1688.0208846414755,"y":1001.0200729927008},{"x":1391.5280030336403,"y":812.0584229703657}]}
PASS 1920x1080.closed.own-edge.r5 {"distance":0.000016001309177227085,"insideOther":[],"end":{"x":1365.3237372256833,"y":896.2405235494721}}
PASS 1920x1080.closed.glyph-clear.r5 []
PASS 1920x1080.closed.leader-visible.r5 {"points":[{"x":1339.470210091621,"y":1001.0200729927008},{"x":1365.3237372256833,"y":896.2405235494721}]}
PASS 1920x1080.closed.own-edge.start {"distance":0.000024206156922446098,"insideOther":[],"end":{"x":1336.4142087764694,"y":378.99435228965}}
PASS 1920x1080.closed.glyph-clear.start []
PASS 1920x1080.closed.leader-visible.start {"points":[{"x":1138.7633893460834,"y":245.47992700729927},{"x":1336.4142087764694,"y":378.99435228965}]}
PASS 1920x1080.closed.own-edge.select {"distance":0.000024206156922446098,"insideOther":[],"end":{"x":583.5857912235306,"y":378.99435228965}}
PASS 1920x1080.closed.glyph-clear.select []
PASS 1920x1080.closed.leader-visible.select {"points":[{"x":781.2365496558864,"y":245.47992700729927},{"x":583.5857912235306,"y":378.99435228965}]}
PASS 1920x1080.closed.own-edge.left_pad {"distance":0.000030369074011105113,"insideOther":[],"end":{"x":611.2455920291352,"y":701.4190977518865}}
PASS 1920x1080.closed.glyph-clear.left_pad []
PASS 1920x1080.closed.leader-visible.left_pad {"points":[{"x":150.84639780828837,"y":830.7403506907814},{"x":466.9334326788166,"y":743.5101175424246},{"x":611.2455920291352,"y":743.5101175424246},{"x":611.2455920291352,"y":701.4190977518865}]}
PASS 1920x1080.closed.own-edge.right_pad {"distance":0.000030369074011105113,"insideOther":[],"end":{"x":1308.7544079708646,"y":701.4190977518865}}
PASS 1920x1080.closed.glyph-clear.right_pad []
PASS 1920x1080.closed.leader-visible.right_pad {"points":[{"x":1765.7584823274265,"y":824.7273478635616},{"x":1453.0665978201985,"y":743.5101175424246},{"x":1308.7544079708646,"y":743.5101175424246},{"x":1308.7544079708646,"y":701.4190977518865}]}
PASS 1920x1080.closed.own-edge.gyro {"distance":0.000008501855745635112,"insideOther":[],"end":{"x":959.9999999999999,"y":915.482108197363}}
PASS 1920x1080.closed.glyph-clear.gyro []
PASS 1920x1080.closed.leader-visible.gyro {"points":[{"x":959.9999999999999,"y":1001.0200729927008},{"x":959.9999999999999,"y":915.482108197363}]}
PASS 1920x1080.closed.inside-visible-pane []
PASS 1920x1080.closed.labels-topmost []
PASS 1920x1080.closed.labels-unwrapped []
PASS 1920x1080.closed.no-page-or-pane-scroll [{"id":"HTML","width":1920,"height":1080,"clientWidth":1920,"clientHeight":1080,"top":0,"left":0},{"id":"BODY","width":1920,"height":1080,"clientWidth":1920,"clientHeight":1080,"top":0,"left":0},{"id":"tab-editor","width":1920,"height":907,"clientWidth":1920,"clientHeight":907,"top":0,"left":0},{"id":"controller-picture-scroll","width":1880,"height":822,"clientWidth":1880,"clientHeight":822,"top":0,"left":0}]
PASS 1920x1080.open-btn_a.23-labels ["btn_a","btn_b","btn_x","btn_y","dpad_down","dpad_left","dpad_right","dpad_up","gyro","l1","l2","l4","l5","left_pad","left_stick","r1","r2","r4","r5","right_pad","right_stick","select","start"]
PASS 1920x1080.open-btn_a.23-leaders ["btn_a","btn_b","btn_x","btn_y","dpad_down","dpad_left","dpad_right","dpad_up","gyro","l1","l2","l4","l5","left_pad","left_stick","r1","r2","r4","r5","right_pad","right_stick","select","start"]
PASS 1920x1080.open-btn_a.23-shapes ["btn_a","btn_b","btn_x","btn_y","dpad_down","dpad_left","dpad_right","dpad_up","gyro","l1","l2","l4","l5","left_pad","left_stick","r1","r2","r4","r5","right_pad","right_stick","select","start"]
PASS 1920x1080.open-btn_a.23-arrowheads ["btn_a","btn_b","btn_x","btn_y","dpad_down","dpad_left","dpad_right","dpad_up","gyro","l1","l2","l4","l5","left_pad","left_stick","r1","r2","r4","r5","right_pad","right_stick","select","start"]
PASS 1920x1080.open-btn_a.label-overlaps []
PASS 1920x1080.open-btn_a.leader-intersections []
PASS 1920x1080.open-btn_a.own-edge.btn_a {"distance":0.00003697750344144879,"insideOther":[],"end":{"x":1207.8388302099966,"y":546.2170515594112}}
PASS 1920x1080.open-btn_a.glyph-clear.btn_a []
PASS 1920x1080.open-btn_a.leader-visible.btn_a {"points":[{"x":1404.6240875912408,"y":580.4331646476058},{"x":1207.8388302099966,"y":546.2170515594112}]}
PASS 1920x1080.open-btn_a.own-edge.btn_b {"distance":0.00004655601333070081,"insideOther":[],"end":{"x":1248.0144508528883,"y":504.26507677881096}}
PASS 1920x1080.open-btn_a.glyph-clear.btn_b []
PASS 1920x1080.open-btn_a.leader-visible.btn_b {"points":[{"x":1404.6240875912408,"y":516.917196714675},{"x":1248.0144508528883,"y":504.26507677881096}]}
PASS 1920x1080.open-btn_a.own-edge.btn_x {"distance":0.00002487442498022574,"insideOther":[],"end":{"x":1148.5799758057233,"y":521.8067378208875}}
PASS 1920x1080.open-btn_a.glyph-clear.btn_x []
PASS 1920x1080.open-btn_a.leader-visible.btn_x {"points":[{"x":1419.8097912122441,"y":648.4346837324528},{"x":1148.5799758057233,"y":578.0525030242845},{"x":1148.5799758057233,"y":521.8067378208875}]}
PASS 1920x1080.open-btn_a.own-edge.btn_y {"distance":0.00003697750344144879,"insideOther":[],"end":{"x":1207.8388302099966,"y":461.88417909905274}}
PASS 1920x1080.open-btn_a.glyph-clear.btn_y []
PASS 1920x1080.open-btn_a.leader-visible.btn_y {"points":[{"x":1404.6240875912408,"y":455.04096258121683},{"x":1207.8388302099966,"y":461.88417909905274}]}
PASS 1920x1080.open-btn_a.own-edge.dpad_up {"distance":0.0000035826596445076575,"insideOther":[],"end":{"x":369.17431998890964,"y":560.8072009121415}}
PASS 1920x1080.open-btn_a.glyph-clear.dpad_up []
PASS 1920x1080.open-btn_a.leader-visible.dpad_up {"points":[{"x":169.37591240875906,"y":533.7099544404487},{"x":369.17431998890964,"y":560.8072009121415}]}
PASS 1920x1080.open-btn_a.own-edge.dpad_down {"distance":0.0000035826596445076575,"insideOther":[],"end":{"x":369.17431998890964,"y":644.6230998166866}}
PASS 1920x1080.open-btn_a.glyph-clear.dpad_down []
PASS 1920x1080.open-btn_a.leader-visible.dpad_down {"points":[{"x":169.37591240875906,"y":660.603516274705},{"x":369.17431998890964,"y":644.6230998166866}]}
PASS 1920x1080.open-btn_a.own-edge.dpad_left {"distance":0.00001059947504700176,"insideOther":[],"end":{"x":330.0031539100219,"y":602.6753643991883}}
PASS 1920x1080.open-btn_a.glyph-clear.dpad_left []
PASS 1920x1080.open-btn_a.leader-visible.dpad_left {"points":[{"x":169.37591240875906,"y":597.4846760176683},{"x":330.0031539100219,"y":602.6753643991883}]}
PASS 1920x1080.open-btn_a.own-edge.dpad_right {"distance":0.00003436011991198029,"insideOther":[],"end":{"x":425.4200851923067,"y":619.2324562351199}}
PASS 1920x1080.open-btn_a.glyph-clear.dpad_right []
PASS 1920x1080.open-btn_a.leader-visible.dpad_right {"points":[{"x":169.37591240875906,"y":732.4049381525267},{"x":425.4200851923067,"y":713.6449939514309},{"x":425.4200851923067,"y":619.2324562351199}]}
PASS 1920x1080.open-btn_a.own-edge.left_stick {"distance":0.000013625244662307523,"insideOther":[],"end":{"x":422.4069044943853,"y":492.41389147904664}}
PASS 1920x1080.open-btn_a.glyph-clear.left_stick []
PASS 1920x1080.open-btn_a.leader-visible.left_stick {"points":[{"x":169.37591240875906,"y":461.4357520797247},{"x":422.4069044943853,"y":492.41389147904664}]}
PASS 1920x1080.open-btn_a.own-edge.right_stick {"distance":0.000012641405533031502,"insideOther":[],"end":{"x":1088.316605839416,"y":540.8901240773445}}
PASS 1920x1080.open-btn_a.glyph-clear.right_stick []
PASS 1920x1080.open-btn_a.leader-visible.right_stick {"points":[{"x":1443.7145532761176,"y":718.7418673624377},{"x":1148.5799758057233,"y":588.0964081850075},{"x":1088.316605839416,"y":583.0744403551384},{"x":1088.316605839416,"y":540.8901240773445}]}
PASS 1920x1080.open-btn_a.own-edge.l1 {"distance":0.0000019305523437651573,"insideOther":[],"end":{"x":423.7430663468483,"y":398.2669391864117}}
PASS 1920x1080.open-btn_a.glyph-clear.l1 []
PASS 1920x1080.open-btn_a.leader-visible.l1 {"points":[{"x":405.52112477249176,"y":245.47992700729927},{"x":423.7430663468483,"y":398.2669391864117}]}
PASS 1920x1080.open-btn_a.own-edge.r1 {"distance":0.0000019305523437651573,"insideOther":[],"end":{"x":1150.2569336531515,"y":398.2669391864117}}
PASS 1920x1080.open-btn_a.glyph-clear.r1 []
PASS 1920x1080.open-btn_a.leader-visible.r1 {"points":[{"x":1168.478875227508,"y":245.47992700729927},{"x":1150.2569336531515,"y":398.2669391864117}]}
PASS 1920x1080.open-btn_a.own-edge.l2 {"distance":0.00001676239236303445,"insideOther":[],"end":{"x":363.7580608915528,"y":354.07383577667014}}
PASS 1920x1080.open-btn_a.glyph-clear.l2 []
PASS 1920x1080.open-btn_a.leader-visible.l2 {"points":[{"x":174.3666949956666,"y":245.47992700729927},{"x":363.7580608915528,"y":354.07383577667014}]}
PASS 1920x1080.open-btn_a.own-edge.r2 {"distance":0.00001676239236303445,"insideOther":[],"end":{"x":1210.241908609432,"y":354.07383577667014}}
PASS 1920x1080.open-btn_a.glyph-clear.r2 []
PASS 1920x1080.open-btn_a.leader-visible.r2 {"points":[{"x":1399.633350752856,"y":245.47992700729927},{"x":1210.241908609432,"y":354.07383577667014}]}
PASS 1920x1080.open-btn_a.own-edge.l4 {"distance":0.000028995411867072107,"insideOther":[],"end":{"x":432.25491448098427,"y":780.9389968834944}}
PASS 1920x1080.open-btn_a.glyph-clear.l4 []
PASS 1920x1080.open-btn_a.leader-visible.l4 {"points":[{"x":190.25698686400173,"y":1001.0200729927008},{"x":432.25491448098427,"y":780.9389968834944}]}
PASS 1920x1080.open-btn_a.own-edge.l5 {"distance":0.00002569119715190027,"insideOther":[],"end":{"x":447.88535474048615,"y":851.2462415115097}}
PASS 1920x1080.open-btn_a.glyph-clear.l5 []
PASS 1920x1080.open-btn_a.leader-visible.l5 {"points":[{"x":477.42953719535876,"y":1001.0200729927008},{"x":447.88535474048615,"y":851.2462415115097}]}
PASS 1920x1080.open-btn_a.own-edge.r4 {"distance":0.000028995411867072107,"insideOther":[],"end":{"x":1141.745146517046,"y":780.9389968834944}}
PASS 1920x1080.open-btn_a.glyph-clear.r4 []
PASS 1920x1080.open-btn_a.leader-visible.r4 {"points":[{"x":1383.7429978864905,"y":1001.0200729927008},{"x":1141.745146517046,"y":780.9389968834944}]}
PASS 1920x1080.open-btn_a.own-edge.r5 {"distance":0.00002569119715190027,"insideOther":[],"end":{"x":1126.1146452595137,"y":851.2462415115097}}
PASS 1920x1080.open-btn_a.glyph-clear.r5 []
PASS 1920x1080.open-btn_a.leader-visible.r5 {"points":[{"x":1096.5704933036561,"y":1001.0200729927008},{"x":1126.1146452595137,"y":851.2462415115097}]}
PASS 1920x1080.open-btn_a.own-edge.start {"distance":0.0000570255474485748,"insideOther":[],"end":{"x":1101.373600201015,"y":415.448650852027}}
PASS 1920x1080.open-btn_a.glyph-clear.start []
PASS 1920x1080.open-btn_a.leader-visible.start {"points":[{"x":929.8808710696923,"y":245.47992700729927},{"x":1101.373600201015,"y":415.448650852027}]}
PASS 1920x1080.open-btn_a.own-edge.select {"distance":0.000003972482886638318,"insideOther":[],"end":{"x":472.6263388009546,"y":415.448650852027}}
PASS 1920x1080.open-btn_a.glyph-clear.select []
PASS 1920x1080.open-btn_a.leader-visible.select {"points":[{"x":644.1191289303076,"y":245.47992700729927},{"x":472.6263388009546,"y":415.448650852027}]}
PASS 1920x1080.open-btn_a.own-edge.left_pad {"distance":0.0000015221662579278927,"insideOther":[],"end":{"x":495.7272688222917,"y":688.5352767981462}}
PASS 1920x1080.open-btn_a.glyph-clear.left_pad []
PASS 1920x1080.open-btn_a.leader-visible.left_pad {"points":[{"x":145.37208191901803,"y":794.0710188222918},{"x":375.2006508857374,"y":723.6888686131387},{"x":495.7272688222917,"y":723.6888686131387},{"x":495.7272688222917,"y":688.5352767981462}]}
PASS 1920x1080.open-btn_a.own-edge.right_pad {"distance":0.0000015221662579278927,"insideOther":[],"end":{"x":1078.272670179678,"y":688.5352767981462}}
PASS 1920x1080.open-btn_a.glyph-clear.right_pad []
PASS 1920x1080.open-btn_a.leader-visible.right_pad {"points":[{"x":1425.5683712553223,"y":789.049111990453},{"x":1198.7994101122927,"y":723.6888686131387},{"x":1078.272670179678,"y":723.6888686131387},{"x":1078.272670179678,"y":688.5352767981462}]}
PASS 1920x1080.open-btn_a.own-edge.gyro {"distance":0.00001028390408919222,"insideOther":[],"end":{"x":786.9999999999999,"y":867.3164775690603}}
PASS 1920x1080.open-btn_a.glyph-clear.gyro []
PASS 1920x1080.open-btn_a.leader-visible.gyro {"points":[{"x":786.9999999999999,"y":1001.0200729927008},{"x":786.9999999999999,"y":867.3164775690603}]}
PASS 1920x1080.open-btn_a.inside-visible-pane []
PASS 1920x1080.open-btn_a.labels-topmost []
PASS 1920x1080.open-btn_a.labels-unwrapped []
PASS 1920x1080.open-btn_a.no-page-or-pane-scroll [{"id":"HTML","width":1920,"height":1080,"clientWidth":1920,"clientHeight":1080,"top":0,"left":0},{"id":"BODY","width":1920,"height":1080,"clientWidth":1920,"clientHeight":1080,"top":0,"left":0},{"id":"tab-editor","width":1920,"height":907,"clientWidth":1920,"clientHeight":907,"top":0,"left":0},{"id":"controller-picture-scroll","width":1534,"height":822,"clientWidth":1534,"clientHeight":822,"top":0,"left":0}]
PASS 1920x1080.open-btn_a.card-inside-pane {"x":1570,"y":212.5,"right":1900,"bottom":1034}
PASS 1920x1080.open-nearest-right_pad.23-labels ["btn_a","btn_b","btn_x","btn_y","dpad_down","dpad_left","dpad_right","dpad_up","gyro","l1","l2","l4","l5","left_pad","left_stick","r1","r2","r4","r5","right_pad","right_stick","select","start"]
PASS 1920x1080.open-nearest-right_pad.23-leaders ["btn_a","btn_b","btn_x","btn_y","dpad_down","dpad_left","dpad_right","dpad_up","gyro","l1","l2","l4","l5","left_pad","left_stick","r1","r2","r4","r5","right_pad","right_stick","select","start"]
PASS 1920x1080.open-nearest-right_pad.23-shapes ["btn_a","btn_b","btn_x","btn_y","dpad_down","dpad_left","dpad_right","dpad_up","gyro","l1","l2","l4","l5","left_pad","left_stick","r1","r2","r4","r5","right_pad","right_stick","select","start"]
PASS 1920x1080.open-nearest-right_pad.23-arrowheads ["btn_a","btn_b","btn_x","btn_y","dpad_down","dpad_left","dpad_right","dpad_up","gyro","l1","l2","l4","l5","left_pad","left_stick","r1","r2","r4","r5","right_pad","right_stick","select","start"]
PASS 1920x1080.open-nearest-right_pad.label-overlaps []
PASS 1920x1080.open-nearest-right_pad.leader-intersections []
PASS 1920x1080.open-nearest-right_pad.own-edge.btn_a {"distance":0.00003697750344144879,"insideOther":[],"end":{"x":1207.8388302099966,"y":546.2170515594112}}
PASS 1920x1080.open-nearest-right_pad.glyph-clear.btn_a []
PASS 1920x1080.open-nearest-right_pad.leader-visible.btn_a {"points":[{"x":1404.6240875912408,"y":580.4331646476058},{"x":1207.8388302099966,"y":546.2170515594112}]}
PASS 1920x1080.open-nearest-right_pad.own-edge.btn_b {"distance":0.00004655601333070081,"insideOther":[],"end":{"x":1248.0144508528883,"y":504.26507677881096}}
PASS 1920x1080.open-nearest-right_pad.glyph-clear.btn_b []
PASS 1920x1080.open-nearest-right_pad.leader-visible.btn_b {"points":[{"x":1404.6240875912408,"y":516.917196714675},{"x":1248.0144508528883,"y":504.26507677881096}]}
PASS 1920x1080.open-nearest-right_pad.own-edge.btn_x {"distance":0.00002487442498022574,"insideOther":[],"end":{"x":1148.5799758057233,"y":521.8067378208875}}
PASS 1920x1080.open-nearest-right_pad.glyph-clear.btn_x []
PASS 1920x1080.open-nearest-right_pad.leader-visible.btn_x {"points":[{"x":1419.8097912122441,"y":648.4346837324528},{"x":1148.5799758057233,"y":578.0525030242845},{"x":1148.5799758057233,"y":521.8067378208875}]}
PASS 1920x1080.open-nearest-right_pad.own-edge.btn_y {"distance":0.00003697750344144879,"insideOther":[],"end":{"x":1207.8388302099966,"y":461.88417909905274}}
PASS 1920x1080.open-nearest-right_pad.glyph-clear.btn_y []
PASS 1920x1080.open-nearest-right_pad.leader-visible.btn_y {"points":[{"x":1404.6240875912408,"y":455.04096258121683},{"x":1207.8388302099966,"y":461.88417909905274}]}
PASS 1920x1080.open-nearest-right_pad.own-edge.dpad_up {"distance":0.0000035826596445076575,"insideOther":[],"end":{"x":369.17431998890964,"y":560.8072009121415}}
PASS 1920x1080.open-nearest-right_pad.glyph-clear.dpad_up []
PASS 1920x1080.open-nearest-right_pad.leader-visible.dpad_up {"points":[{"x":169.37591240875906,"y":533.7099544404487},{"x":369.17431998890964,"y":560.8072009121415}]}
PASS 1920x1080.open-nearest-right_pad.own-edge.dpad_down {"distance":0.0000035826596445076575,"insideOther":[],"end":{"x":369.17431998890964,"y":644.6230998166866}}
PASS 1920x1080.open-nearest-right_pad.glyph-clear.dpad_down []
PASS 1920x1080.open-nearest-right_pad.leader-visible.dpad_down {"points":[{"x":169.37591240875906,"y":660.603516274705},{"x":369.17431998890964,"y":644.6230998166866}]}
PASS 1920x1080.open-nearest-right_pad.own-edge.dpad_left {"distance":0.00001059947504700176,"insideOther":[],"end":{"x":330.0031539100219,"y":602.6753643991883}}
PASS 1920x1080.open-nearest-right_pad.glyph-clear.dpad_left []
PASS 1920x1080.open-nearest-right_pad.leader-visible.dpad_left {"points":[{"x":169.37591240875906,"y":597.4846760176683},{"x":330.0031539100219,"y":602.6753643991883}]}
PASS 1920x1080.open-nearest-right_pad.own-edge.dpad_right {"distance":0.00003436011991198029,"insideOther":[],"end":{"x":425.4200851923067,"y":619.2324562351199}}
PASS 1920x1080.open-nearest-right_pad.glyph-clear.dpad_right []
PASS 1920x1080.open-nearest-right_pad.leader-visible.dpad_right {"points":[{"x":169.37591240875906,"y":732.4049381525267},{"x":425.4200851923067,"y":713.6449939514309},{"x":425.4200851923067,"y":619.2324562351199}]}
PASS 1920x1080.open-nearest-right_pad.own-edge.left_stick {"distance":0.000013625244662307523,"insideOther":[],"end":{"x":422.4069044943853,"y":492.41389147904664}}
PASS 1920x1080.open-nearest-right_pad.glyph-clear.left_stick []
PASS 1920x1080.open-nearest-right_pad.leader-visible.left_stick {"points":[{"x":169.37591240875906,"y":461.4357520797247},{"x":422.4069044943853,"y":492.41389147904664}]}
PASS 1920x1080.open-nearest-right_pad.own-edge.right_stick {"distance":0.000012641405533031502,"insideOther":[],"end":{"x":1088.316605839416,"y":540.8901240773445}}
PASS 1920x1080.open-nearest-right_pad.glyph-clear.right_stick []
PASS 1920x1080.open-nearest-right_pad.leader-visible.right_stick {"points":[{"x":1443.7145532761176,"y":718.7418673624377},{"x":1148.5799758057233,"y":588.0964081850075},{"x":1088.316605839416,"y":583.0744403551384},{"x":1088.316605839416,"y":540.8901240773445}]}
PASS 1920x1080.open-nearest-right_pad.own-edge.l1 {"distance":0.0000019305523437651573,"insideOther":[],"end":{"x":423.7430663468483,"y":398.2669391864117}}
PASS 1920x1080.open-nearest-right_pad.glyph-clear.l1 []
PASS 1920x1080.open-nearest-right_pad.leader-visible.l1 {"points":[{"x":405.52112477249176,"y":245.47992700729927},{"x":423.7430663468483,"y":398.2669391864117}]}
PASS 1920x1080.open-nearest-right_pad.own-edge.r1 {"distance":0.0000019305523437651573,"insideOther":[],"end":{"x":1150.2569336531515,"y":398.2669391864117}}
PASS 1920x1080.open-nearest-right_pad.glyph-clear.r1 []
PASS 1920x1080.open-nearest-right_pad.leader-visible.r1 {"points":[{"x":1168.478875227508,"y":245.47992700729927},{"x":1150.2569336531515,"y":398.2669391864117}]}
PASS 1920x1080.open-nearest-right_pad.own-edge.l2 {"distance":0.00001676239236303445,"insideOther":[],"end":{"x":363.7580608915528,"y":354.07383577667014}}
PASS 1920x1080.open-nearest-right_pad.glyph-clear.l2 []
PASS 1920x1080.open-nearest-right_pad.leader-visible.l2 {"points":[{"x":174.3666949956666,"y":245.47992700729927},{"x":363.7580608915528,"y":354.07383577667014}]}
PASS 1920x1080.open-nearest-right_pad.own-edge.r2 {"distance":0.00001676239236303445,"insideOther":[],"end":{"x":1210.241908609432,"y":354.07383577667014}}
PASS 1920x1080.open-nearest-right_pad.glyph-clear.r2 []
PASS 1920x1080.open-nearest-right_pad.leader-visible.r2 {"points":[{"x":1399.633350752856,"y":245.47992700729927},{"x":1210.241908609432,"y":354.07383577667014}]}
PASS 1920x1080.open-nearest-right_pad.own-edge.l4 {"distance":0.000028995411867072107,"insideOther":[],"end":{"x":432.25491448098427,"y":780.9389968834944}}
PASS 1920x1080.open-nearest-right_pad.glyph-clear.l4 []
PASS 1920x1080.open-nearest-right_pad.leader-visible.l4 {"points":[{"x":190.25698686400173,"y":1001.0200729927008},{"x":432.25491448098427,"y":780.9389968834944}]}
PASS 1920x1080.open-nearest-right_pad.own-edge.l5 {"distance":0.00002569119715190027,"insideOther":[],"end":{"x":447.88535474048615,"y":851.2462415115097}}
PASS 1920x1080.open-nearest-right_pad.glyph-clear.l5 []
PASS 1920x1080.open-nearest-right_pad.leader-visible.l5 {"points":[{"x":477.42953719535876,"y":1001.0200729927008},{"x":447.88535474048615,"y":851.2462415115097}]}
PASS 1920x1080.open-nearest-right_pad.own-edge.r4 {"distance":0.000028995411867072107,"insideOther":[],"end":{"x":1141.745146517046,"y":780.9389968834944}}
PASS 1920x1080.open-nearest-right_pad.glyph-clear.r4 []
PASS 1920x1080.open-nearest-right_pad.leader-visible.r4 {"points":[{"x":1383.7429978864905,"y":1001.0200729927008},{"x":1141.745146517046,"y":780.9389968834944}]}
PASS 1920x1080.open-nearest-right_pad.own-edge.r5 {"distance":0.00002569119715190027,"insideOther":[],"end":{"x":1126.1146452595137,"y":851.2462415115097}}
PASS 1920x1080.open-nearest-right_pad.glyph-clear.r5 []
PASS 1920x1080.open-nearest-right_pad.leader-visible.r5 {"points":[{"x":1096.5704933036561,"y":1001.0200729927008},{"x":1126.1146452595137,"y":851.2462415115097}]}
PASS 1920x1080.open-nearest-right_pad.own-edge.start {"distance":0.0000570255474485748,"insideOther":[],"end":{"x":1101.373600201015,"y":415.448650852027}}
PASS 1920x1080.open-nearest-right_pad.glyph-clear.start []
PASS 1920x1080.open-nearest-right_pad.leader-visible.start {"points":[{"x":929.8808710696923,"y":245.47992700729927},{"x":1101.373600201015,"y":415.448650852027}]}
PASS 1920x1080.open-nearest-right_pad.own-edge.select {"distance":0.000003972482886638318,"insideOther":[],"end":{"x":472.6263388009546,"y":415.448650852027}}
PASS 1920x1080.open-nearest-right_pad.glyph-clear.select []
PASS 1920x1080.open-nearest-right_pad.leader-visible.select {"points":[{"x":644.1191289303076,"y":245.47992700729927},{"x":472.6263388009546,"y":415.448650852027}]}
PASS 1920x1080.open-nearest-right_pad.own-edge.left_pad {"distance":0.0000015221662579278927,"insideOther":[],"end":{"x":495.7272688222917,"y":688.5352767981462}}
PASS 1920x1080.open-nearest-right_pad.glyph-clear.left_pad []
PASS 1920x1080.open-nearest-right_pad.leader-visible.left_pad {"points":[{"x":145.37208191901803,"y":794.0710188222918},{"x":375.2006508857374,"y":723.6888686131387},{"x":495.7272688222917,"y":723.6888686131387},{"x":495.7272688222917,"y":688.5352767981462}]}
PASS 1920x1080.open-nearest-right_pad.own-edge.right_pad {"distance":0.0000015221662579278927,"insideOther":[],"end":{"x":1078.272670179678,"y":688.5352767981462}}
PASS 1920x1080.open-nearest-right_pad.glyph-clear.right_pad []
PASS 1920x1080.open-nearest-right_pad.leader-visible.right_pad {"points":[{"x":1425.5683712553223,"y":789.049111990453},{"x":1198.7994101122927,"y":723.6888686131387},{"x":1078.272670179678,"y":723.6888686131387},{"x":1078.272670179678,"y":688.5352767981462}]}
PASS 1920x1080.open-nearest-right_pad.own-edge.gyro {"distance":0.00001028390408919222,"insideOther":[],"end":{"x":786.9999999999999,"y":867.3164775690603}}
PASS 1920x1080.open-nearest-right_pad.glyph-clear.gyro []
PASS 1920x1080.open-nearest-right_pad.leader-visible.gyro {"points":[{"x":786.9999999999999,"y":1001.0200729927008},{"x":786.9999999999999,"y":867.3164775690603}]}
PASS 1920x1080.open-nearest-right_pad.inside-visible-pane []
PASS 1920x1080.open-nearest-right_pad.labels-topmost []
PASS 1920x1080.open-nearest-right_pad.labels-unwrapped []
PASS 1920x1080.open-nearest-right_pad.no-page-or-pane-scroll [{"id":"HTML","width":1920,"height":1080,"clientWidth":1920,"clientHeight":1080,"top":0,"left":0},{"id":"BODY","width":1920,"height":1080,"clientWidth":1920,"clientHeight":1080,"top":0,"left":0},{"id":"tab-editor","width":1920,"height":907,"clientWidth":1920,"clientHeight":907,"top":0,"left":0},{"id":"controller-picture-scroll","width":1534,"height":822,"clientWidth":1534,"clientHeight":822,"top":0,"left":0}]
PASS 1920x1080.open-nearest-right_pad.card-inside-pane {"x":1570,"y":212.5,"right":1900,"bottom":1034}
PASS 1920x1080.drill.btn_a {"title":"A","hidden":false,"rows":["BTN_A","BTN_A_LAYER_2"]}
PASS 1920x1080.drill.btn_b {"title":"B","hidden":false,"rows":["BTN_B","BTN_B_LAYER_2"]}
PASS 1920x1080.drill.btn_x {"title":"X","hidden":false,"rows":["BTN_X","BTN_X_LAYER_2"]}
PASS 1920x1080.drill.btn_y {"title":"Y","hidden":false,"rows":["BTN_Y","BTN_Y_LAYER_2"]}
PASS 1920x1080.drill.dpad_up {"title":"D-pad Up","hidden":false,"rows":["DPAD_UP","DPAD_UP_LONG_PRESS"]}
PASS 1920x1080.drill.dpad_down {"title":"D-pad Down","hidden":false,"rows":["DPAD_DOWN","DPAD_DOWN_LONG_PRESS"]}
PASS 1920x1080.drill.dpad_left {"title":"D-pad Left","hidden":false,"rows":["DPAD_LEFT","DPAD_LEFT_LONG_PRESS"]}
PASS 1920x1080.drill.dpad_right {"title":"D-pad Right","hidden":false,"rows":["DPAD_RIGHT","DPAD_RIGHT_LONG_PRESS"]}
PASS 1920x1080.drill.left_stick {"title":"Left stick","hidden":false,"rows":["LEFT_STICK_CLICK_L3","L_STICK_UP","L_STICK_DOWN","L_STICK_LEFT","L_STICK_RIGHT","L_STICK_X_AXIS","L_STICK_Y_AXIS"]}
PASS 1920x1080.drill.right_stick {"title":"Right stick","hidden":false,"rows":["RIGHT_STICK_CLICK_R3","R_STICK_UP","R_STICK_DOWN","R_STICK_LEFT","R_STICK_RIGHT","R_STICK_X_AXIS","R_STICK_Y_AXIS"]}
PASS 1920x1080.drill.l1 {"title":"L1","hidden":false,"rows":["L1","L1_LAYER_2"]}
PASS 1920x1080.drill.r1 {"title":"R1","hidden":false,"rows":["R1","R1_LAYER_2"]}
PASS 1920x1080.drill.l2 {"title":"L2","hidden":false,"rows":["L2_SOFT","L2_FULL","L2_SOFT_LAYER_2","L2_FULL_LAYER_2","L_TRIGGER_PRESSURE"]}
PASS 1920x1080.drill.r2 {"title":"R2","hidden":false,"rows":["R2_SOFT","R2_FULL","R2_SOFT_LAYER_2","R2_FULL_LAYER_2","R_TRIGGER_PRESSURE"]}
PASS 1920x1080.drill.l4 {"title":"L4","hidden":false,"rows":["L4"]}
PASS 1920x1080.drill.l5 {"title":"L5","hidden":false,"rows":["L5"]}
PASS 1920x1080.drill.r4 {"title":"R4","hidden":false,"rows":["R4"]}
PASS 1920x1080.drill.r5 {"title":"R5","hidden":false,"rows":["R5"]}
PASS 1920x1080.drill.start {"title":"START","hidden":false,"rows":["START"]}
PASS 1920x1080.drill.select {"title":"SELECT","hidden":false,"rows":["SELECT"]}
PASS 1920x1080.drill.left_pad {"title":"Left trackpad","hidden":false,"rows":["L_PAD_UP","L_PAD_DOWN","L_PAD_LEFT","L_PAD_RIGHT","L_PAD_UP_LONG_PRESS","L_PAD_DOWN_LONG_PRESS","L_PAD_LEFT_LONG_PRESS","L_PAD_RIGHT_LONG_PRESS","L_PAD_X_POS","L_PAD_Y_POS"]}
PASS 1920x1080.drill.right_pad {"title":"Right trackpad","hidden":false,"rows":["R_PAD_UP","R_PAD_DOWN","R_PAD_LEFT","R_PAD_RIGHT","R_PAD_UP_LONG_PRESS","R_PAD_DOWN_LONG_PRESS","R_PAD_LEFT_LONG_PRESS","R_PAD_RIGHT_LONG_PRESS","R_PAD_X_POS","R_PAD_Y_POS"]}
PASS 1920x1080.drill.gyro {"title":"Gyro","hidden":false,"rows":["GYRO_FORWARD","GYRO_BACKWARD","GYRO_PITCH","GYRO_YAW","GYRO_ROLL"]}
SUMMARY 1048/1048 PASS
PASS bridge PID 78119 gone=True
RECEIPT /private/tmp/sdlive-e3/geometry/geometry-4nlbp1i_/receipt.json
