PASS 1024x768.closed.23-labels ["btn_a","btn_b","btn_x","btn_y","dpad_down","dpad_left","dpad_right","dpad_up","gyro","l1","l2","l4","l5","left_pad","left_stick","r1","r2","r4","r5","right_pad","right_stick","select","start"]
PASS 1024x768.closed.23-leaders ["btn_a","btn_b","btn_x","btn_y","dpad_down","dpad_left","dpad_right","dpad_up","gyro","l1","l2","l4","l5","left_pad","left_stick","r1","r2","r4","r5","right_pad","right_stick","select","start"]
PASS 1024x768.closed.23-shapes ["btn_a","btn_b","btn_x","btn_y","dpad_down","dpad_left","dpad_right","dpad_up","gyro","l1","l2","l4","l5","left_pad","left_stick","r1","r2","r4","r5","right_pad","right_stick","select","start"]
PASS 1024x768.closed.23-arrowheads ["btn_a","btn_b","btn_x","btn_y","dpad_down","dpad_left","dpad_right","dpad_up","gyro","l1","l2","l4","l5","left_pad","left_stick","r1","r2","r4","r5","right_pad","right_stick","select","start"]
PASS 1024x768.closed.label-overlaps []
FAIL 1024x768.closed.leader-intersections [["btn_a","btn_b"],["btn_b","btn_x"],["dpad_down","dpad_right"]]
FAIL 1024x768.closed.own-edge.btn_a {"distance":24.022372622019414,"insideOther":["btn_b"],"end":{"x":768.799303890614,"y":399.1295521482547}}
PASS 1024x768.closed.glyph-clear.btn_a []
PASS 1024x768.closed.leader-visible.btn_a {"points":[{"x":882.7953712377656,"y":431.47977223199854},{"x":768.799303890614,"y":399.1295521482547}]}
FAIL 1024x768.closed.own-edge.btn_b {"distance":11.209665802158788,"insideOther":[],"end":{"x":746.42031426019,"y":417.89666196558807}}
PASS 1024x768.closed.glyph-clear.btn_b []
PASS 1024x768.closed.leader-visible.btn_b {"points":[{"x":862.6713483146068,"y":411.38660418049676},{"x":746.42031426019,"y":417.89666196558807}]}
PASS 1024x768.closed.own-edge.btn_x {"distance":0.000003886133640662592,"insideOther":[],"end":{"x":724.0412636517586,"y":400.3955318008023}}
PASS 1024x768.closed.glyph-clear.btn_x []
PASS 1024x768.closed.leader-visible.btn_x {"points":[{"x":898.4057410879528,"y":470.643065063248},{"x":724.0412636517586,"y":400.3955318008023}]}
PASS 1024x768.closed.own-edge.btn_y {"distance":0.000026174252525379416,"insideOther":[],"end":{"x":746.42031426019,"y":373.436255380009}}
PASS 1024x768.closed.glyph-clear.btn_y []
PASS 1024x768.closed.leader-visible.btn_y {"points":[{"x":862.6713483146068,"y":370.18121886521243},{"x":746.42031426019,"y":373.436255380009}]}
PASS 1024x768.closed.own-edge.dpad_up {"distance":0.000012315614412727882,"insideOther":[],"end":{"x":279.25813587774496,"y":428.70394663149943}}
PASS 1024x768.closed.glyph-clear.dpad_up []
PASS 1024x768.closed.leader-visible.dpad_up {"points":[{"x":161.32865168539328,"y":415.8260470186726},{"x":279.25813587774496,"y":428.70394663149943}]}
PASS 1024x768.closed.own-edge.dpad_down {"distance":0.000012315614412727882,"insideOther":[],"end":{"x":279.25813587774496,"y":475.01601138454254}}
PASS 1024x768.closed.glyph-clear.dpad_down []
PASS 1024x768.closed.leader-visible.dpad_down {"points":[{"x":161.32865168539328,"y":482.61066973968394},{"x":279.25813587774496,"y":475.01601138454254}]}
PASS 1024x768.closed.own-edge.dpad_left {"distance":0.000005614891506411368,"insideOther":[],"end":{"x":257.4385737301259,"y":451.8487895436948}}
PASS 1024x768.closed.glyph-clear.dpad_left []
PASS 1024x768.closed.leader-visible.dpad_left {"points":[{"x":161.32865168539328,"y":449.42439544334843},{"x":257.4385737301259,"y":451.8487895436948}]}
FAIL 1024x768.closed.own-edge.dpad_right {"distance":0.000001628747156701138,"insideOther":["dpad_down"],"end":{"x":293.2450272635128,"y":457.9124425823769}}
PASS 1024x768.closed.glyph-clear.dpad_right []
PASS 1024x768.closed.leader-visible.dpad_right {"points":[{"x":132.81166920322605,"y":512.0442660042409},{"x":293.2450272635128,"y":457.9124425823769}]}
PASS 1024x768.closed.own-edge.left_stick {"distance":0.000001057256952208263,"insideOther":[],"end":{"x":308.9103382982118,"y":390.8390432636389}}
PASS 1024x768.closed.glyph-clear.left_stick []
PASS 1024x768.closed.leader-visible.left_stick {"points":[{"x":161.32865168539328,"y":375.64681485351105},{"x":308.9103382982118,"y":390.8390432636389}]}
FAIL 1024x768.closed.own-edge.right_stick {"distance":0.00002040220113030955,"insideOther":["btn_x"],"end":{"x":703.9001668865761,"y":405.6825841839394}}
FAIL 1024x768.closed.glyph-clear.right_stick ["A"]
PASS 1024x768.closed.leader-visible.right_stick {"points":[{"x":906.4509964275004,"y":509.8063731389992},{"x":703.9001668865761,"y":405.6825841839394}]}
PASS 1024x768.closed.own-edge.l1 {"distance":0.0000215451815392953,"insideOther":[],"end":{"x":307.70367500219453,"y":337.9274507444003}}
PASS 1024x768.closed.glyph-clear.l1 []
PASS 1024x768.closed.leader-visible.l1 {"points":[{"x":267.7540250342437,"y":229.46910112359552},{"x":307.70367500219453,"y":337.9274507444003}]}
PASS 1024x768.closed.own-edge.r1 {"distance":0.0000215451815392953,"insideOther":[],"end":{"x":716.2963249978055,"y":337.9274507444003}}
PASS 1024x768.closed.glyph-clear.r1 []
PASS 1024x768.closed.leader-visible.r1 {"points":[{"x":756.2460054547599,"y":229.46910112359552},{"x":716.2963249978055,"y":337.9274507444003}]}
PASS 1024x768.closed.own-edge.l2 {"distance":0.000006157807206363941,"insideOther":[],"end":{"x":275.486554663726,"y":313.3105225152291}}
PASS 1024x768.closed.glyph-clear.l2 []
PASS 1024x768.closed.leader-visible.l2 {"points":[{"x":122.98232695047328,"y":229.46910112359552},{"x":275.486554663726,"y":313.3105225152291}]}
PASS 1024x768.closed.own-edge.r2 {"distance":0.000006157807206363941,"insideOther":[],"end":{"x":748.5134453362741,"y":313.3105225152291}}
PASS 1024x768.closed.glyph-clear.r2 []
PASS 1024x768.closed.leader-visible.r2 {"points":[{"x":901.0176730495268,"y":229.46910112359552},{"x":748.5134453362741,"y":313.3105225152291}]}
PASS 1024x768.closed.own-edge.l4 {"distance":0.00004483340831029636,"insideOther":[],"end":{"x":313.3921303624071,"y":551.0876913177833}}
PASS 1024x768.closed.glyph-clear.l4 []
PASS 1024x768.closed.leader-visible.l4 {"points":[{"x":131.0935757383425,"y":697.0308988764045},{"x":313.3921303624071,"y":551.0876913177833}]}
PASS 1024x768.closed.own-edge.l5 {"distance":0.000007657969035790302,"insideOther":[],"end":{"x":321.2771050099576,"y":590.250968904531}}
PASS 1024x768.closed.glyph-clear.l5 []
PASS 1024x768.closed.leader-visible.l5 {"points":[{"x":313.3059684381949,"y":697.0308988764045},{"x":321.2771050099576,"y":590.250968904531}]}
PASS 1024x768.closed.own-edge.r4 {"distance":0.00004483340831029636,"insideOther":[],"end":{"x":710.607869637593,"y":551.0876913177833}}
PASS 1024x768.closed.glyph-clear.r4 []
PASS 1024x768.closed.leader-visible.r4 {"points":[{"x":892.9064395061594,"y":697.0308988764045},{"x":710.607869637593,"y":551.0876913177833}]}
PASS 1024x768.closed.own-edge.r5 {"distance":0.000007657969035790302,"insideOther":[],"end":{"x":702.722925479046,"y":590.250968904531}}
PASS 1024x768.closed.glyph-clear.r5 []
PASS 1024x768.closed.leader-visible.r5 {"points":[{"x":710.6940315618051,"y":697.0308988764045},{"x":702.722925479046,"y":590.250968904531}]}
PASS 1024x768.closed.own-edge.start {"distance":0.0000035575266679188644,"insideOther":[],"end":{"x":689.0912309853773,"y":347.4385411551829}}
PASS 1024x768.closed.glyph-clear.start []
PASS 1024x768.closed.leader-visible.start {"points":[{"x":605.8319208952372,"y":229.46910112359552},{"x":689.0912309853773,"y":347.4385411551829}]}
PASS 1024x768.closed.own-edge.select {"distance":0.0000035575266679188644,"insideOther":[],"end":{"x":334.9087385256192,"y":347.4385411551829}}
PASS 1024x768.closed.glyph-clear.select []
PASS 1024x768.closed.leader-visible.select {"points":[{"x":418.16804861575923,"y":229.46910112359552},{"x":334.9087385256192,"y":347.4385411551829}]}
PASS 1024x768.closed.own-edge.left_pad {"distance":0.000010143951499230752,"insideOther":[],"end":{"x":326.2540689818421,"y":482.7392723569263}}
PASS 1024x768.closed.glyph-clear.left_pad []
PASS 1024x768.closed.leader-visible.left_pad {"points":[{"x":130.8247694379828,"y":551.7670472963026},{"x":326.2540689818421,"y":482.7392723569263}]}
PASS 1024x768.closed.own-edge.right_pad {"distance":0.00001011537699469045,"insideOther":[],"end":{"x":697.7459005291543,"y":482.4877380771137}}
PASS 1024x768.closed.glyph-clear.right_pad []
PASS 1024x768.closed.leader-visible.right_pad {"points":[{"x":891.8493857508743,"y":548.9696507257469},{"x":697.7459005291543,"y":482.4877380771137}]}
PASS 1024x768.closed.own-edge.gyro {"distance":0.0000048290924041793915,"insideOther":[],"end":{"x":512,"y":599.2025708545013}}
PASS 1024x768.closed.glyph-clear.gyro []
PASS 1024x768.closed.leader-visible.gyro {"points":[{"x":512,"y":697.0308988764045},{"x":512,"y":599.2025708545013}]}
PASS 1024x768.closed.inside-visible-pane []
PASS 1024x768.closed.labels-topmost []
PASS 1024x768.closed.labels-unwrapped []
PASS 1024x768.closed.no-page-or-pane-scroll [{"id":"HTML","width":1024,"height":768,"clientWidth":1024,"clientHeight":768,"top":0,"left":0},{"id":"BODY","width":1024,"height":768,"clientWidth":1024,"clientHeight":768,"top":0,"left":0},{"id":"tab-editor","width":1024,"height":595,"clientWidth":1024,"clientHeight":595,"top":0,"left":0},{"id":"controller-picture-scroll","width":1000,"height":534,"clientWidth":1000,"clientHeight":534,"top":0,"left":0}]
PASS 1024x768.open-btn_a.23-labels ["btn_a","btn_b","btn_x","btn_y","dpad_down","dpad_left","dpad_right","dpad_up","gyro","l1","l2","l4","l5","left_pad","left_stick","r1","r2","r4","r5","right_pad","right_stick","select","start"]
PASS 1024x768.open-btn_a.23-leaders ["btn_a","btn_b","btn_x","btn_y","dpad_down","dpad_left","dpad_right","dpad_up","gyro","l1","l2","l4","l5","left_pad","left_stick","r1","r2","r4","r5","right_pad","right_stick","select","start"]
PASS 1024x768.open-btn_a.23-shapes ["btn_a","btn_b","btn_x","btn_y","dpad_down","dpad_left","dpad_right","dpad_up","gyro","l1","l2","l4","l5","left_pad","left_stick","r1","r2","r4","r5","right_pad","right_stick","select","start"]
PASS 1024x768.open-btn_a.23-arrowheads ["btn_a","btn_b","btn_x","btn_y","dpad_down","dpad_left","dpad_right","dpad_up","gyro","l1","l2","l4","l5","left_pad","left_stick","r1","r2","r4","r5","right_pad","right_stick","select","start"]
PASS 1024x768.open-btn_a.label-overlaps []
FAIL 1024x768.open-btn_a.leader-intersections [["btn_a","btn_b"],["btn_b","btn_x"],["btn_b","right_stick"],["dpad_down","dpad_right"]]
FAIL 1024x768.open-btn_a.own-edge.btn_a {"distance":18.565172619247665,"insideOther":[],"end":{"x":706.0355484094998,"y":323.7352190718139}}
PASS 1024x768.open-btn_a.glyph-clear.btn_a []
PASS 1024x768.open-btn_a.leader-visible.btn_a {"points":[{"x":862.5042372881358,"y":347.37445917506676},{"x":706.0355484094998,"y":323.7352190718139}]}
FAIL 1024x768.open-btn_a.own-edge.btn_b {"distance":8.446276319698589,"insideOther":[],"end":{"x":689.12611596059,"y":338.95756177309545}}
PASS 1024x768.open-btn_a.glyph-clear.btn_b []
PASS 1024x768.open-btn_a.leader-visible.btn_b {"points":[{"x":862.5042372881358,"y":328.7341527777203},{"x":689.12611596059,"y":338.95756177309545}]}
PASS 1024x768.open-btn_a.own-edge.btn_x {"distance":0.000008620784910817747,"insideOther":[],"end":{"x":672.2167444606287,"y":324.5893804905778}}
PASS 1024x768.open-btn_a.glyph-clear.btn_x []
PASS 1024x768.open-btn_a.leader-visible.btn_x {"points":[{"x":877.2140831381589,"y":377.3608541973567},{"x":672.2167444606287,"y":324.5893804905778}]}
PASS 1024x768.open-btn_a.own-edge.btn_y {"distance":0.000017327777527498256,"insideOther":[],"end":{"x":689.12611596059,"y":305.1345142536918}}
PASS 1024x768.open-btn_a.glyph-clear.btn_y []
PASS 1024x768.open-btn_a.leader-visible.btn_y {"points":[{"x":862.5042372881358,"y":294.82033703690865},{"x":689.12611596059,"y":305.1345142536918}]}
PASS 1024x768.open-btn_a.own-edge.dpad_up {"distance":0.00001056046130543109,"insideOther":[],"end":{"x":336.1420792832887,"y":347.29028867732336}}
PASS 1024x768.open-btn_a.glyph-clear.dpad_up []
PASS 1024x768.open-btn_a.leader-visible.dpad_up {"points":[{"x":161.49576271186442,"y":331.91157383029747},{"x":336.1420792832887,"y":347.29028867732336}]}
PASS 1024x768.open-btn_a.own-edge.dpad_down {"distance":0.00001056046130543109,"insideOther":[],"end":{"x":336.1420792832887,"y":382.01567775920284}}
PASS 1024x768.open-btn_a.glyph-clear.dpad_down []
PASS 1024x768.open-btn_a.leader-visible.dpad_down {"points":[{"x":161.49576271186442,"y":390.0450617472331},{"x":336.1420792832887,"y":382.01567775920284}]}
PASS 1024x768.open-btn_a.own-edge.dpad_left {"distance":0.000006767316051536909,"insideOther":[],"end":{"x":319.65538874049645,"y":364.6523737287791}}
PASS 1024x768.open-btn_a.glyph-clear.dpad_left []
PASS 1024x768.open-btn_a.leader-visible.dpad_left {"points":[{"x":161.49576271186442,"y":361.08757639739474},{"x":319.65538874049645,"y":364.6523737287791}]}
PASS 1024x768.open-btn_a.own-edge.dpad_right {"distance":0.000005129366911660327,"insideOther":[],"end":{"x":346.7104440893831,"y":367.8177726012839}}
PASS 1024x768.open-btn_a.glyph-clear.dpad_right []
PASS 1024x768.open-btn_a.leader-visible.dpad_right {"points":[{"x":153.5436010414598,"y":412.3696711265435},{"x":346.7104440893831,"y":367.8177726012839}]}
PASS 1024x768.open-btn_a.own-edge.left_stick {"distance":0.000007025939623872546,"insideOther":[],"end":{"x":358.54703461383025,"y":318.5868461630439}}
PASS 1024x768.open-btn_a.glyph-clear.left_stick []
PASS 1024x768.open-btn_a.leader-visible.left_stick {"points":[{"x":161.49576271186442,"y":298.844156135947},{"x":358.54703461383025,"y":318.5868461630439}]}
FAIL 1024x768.open-btn_a.own-edge.right_stick {"distance":0.000011293227998976363,"insideOther":["btn_x"],"end":{"x":656.9982186872408,"y":326.8977457251252}}
FAIL 1024x768.open-btn_a.glyph-clear.right_stick ["A","X"]
PASS 1024x768.open-btn_a.leader-visible.right_stick {"points":[{"x":893.4453975871459,"y":411.3128315984866},{"x":656.9982186872408,"y":326.8977457251252}]}
PASS 1024x768.open-btn_a.own-edge.l1 {"distance":0.0000172092416050873,"insideOther":[],"end":{"x":351.57523677847485,"y":278.5572681858041}}
PASS 1024x768.open-btn_a.glyph-clear.l1 []
PASS 1024x768.open-btn_a.leader-visible.l1 {"points":[{"x":283.2080699683583,"y":229.45338983050848},{"x":351.57523677847485,"y":278.5572681858041}]}
PASS 1024x768.open-btn_a.own-edge.r1 {"distance":0.0000172092416050873,"insideOther":[],"end":{"x":672.4247632215253,"y":278.5572681858041}}
PASS 1024x768.open-btn_a.glyph-clear.r1 []
PASS 1024x768.open-btn_a.leader-visible.r1 {"points":[{"x":740.7919300316419,"y":229.45338983050848},{"x":672.4247632215253,"y":278.5572681858041}]}
PASS 1024x768.open-btn_a.own-edge.l2 {"distance":0.0000024569236529714544,"insideOther":[],"end":{"x":328.11010496495135,"y":263.5457631342829}}
PASS 1024x768.open-btn_a.glyph-clear.l2 []
PASS 1024x768.open-btn_a.leader-visible.l2 {"points":[{"x":166.79652322887702,"y":229.45338983050848},{"x":328.11010496495135,"y":263.5457631342829}]}
PASS 1024x768.open-btn_a.own-edge.r2 {"distance":0.000028103758268116508,"insideOther":[],"end":{"x":695.889925509523,"y":263.5457631342829}}
PASS 1024x768.open-btn_a.glyph-clear.r2 []
PASS 1024x768.open-btn_a.leader-visible.r2 {"points":[{"x":857.2035072455973,"y":229.45338983050848},{"x":695.889925509523,"y":263.5457631342829}]}
PASS 1024x768.open-btn_a.own-edge.l4 {"distance":0.000012564793792080309,"insideOther":[],"end":{"x":354.9629926519879,"y":439.61945836557504}}
PASS 1024x768.open-btn_a.glyph-clear.l4 []
PASS 1024x768.open-btn_a.leader-visible.l4 {"points":[{"x":151.85718935088252,"y":517.0466101694915},{"x":354.9629926519879,"y":439.61945836557504}]}
PASS 1024x768.open-btn_a.own-edge.l5 {"distance":0.00001241393010786851,"insideOther":[],"end":{"x":364.08634931488905,"y":469.2109499139301}}
PASS 1024x768.open-btn_a.glyph-clear.l5 []
PASS 1024x768.open-btn_a.leader-visible.l5 {"points":[{"x":324.63567968681036,"y":517.0466101694915},{"x":364.08634931488905,"y":469.2109499139301}]}
PASS 1024x768.open-btn_a.own-edge.r4 {"distance":0.000012564793792080309,"insideOther":[],"end":{"x":669.036976873538,"y":439.61945836557504}}
PASS 1024x768.open-btn_a.glyph-clear.r4 []
PASS 1024x768.open-btn_a.leader-visible.r4 {"points":[{"x":872.1428258863547,"y":517.0466101694915},{"x":669.036976873538,"y":439.61945836557504}]}
PASS 1024x768.open-btn_a.own-edge.r5 {"distance":0.00001241393010786851,"insideOther":[],"end":{"x":659.9136506851111,"y":469.2109499139301}}
PASS 1024x768.open-btn_a.glyph-clear.r5 []
PASS 1024x768.open-btn_a.leader-visible.r5 {"points":[{"x":699.3643203131898,"y":517.0466101694915},{"x":659.9136506851111,"y":469.2109499139301}]}
PASS 1024x768.open-btn_a.own-edge.start {"distance":4.849191554967547e-7,"insideOther":[],"end":{"x":645.7892804334393,"y":285.74377392914334}}
PASS 1024x768.open-btn_a.glyph-clear.start []
PASS 1024x768.open-btn_a.leader-visible.start {"points":[{"x":605.8448024254062,"y":229.45338983050848},{"x":645.7892804334393,"y":285.74377392914334}]}
PASS 1024x768.open-btn_a.own-edge.select {"distance":4.849191554967547e-7,"insideOther":[],"end":{"x":378.21075004103494,"y":285.74377392914334}}
PASS 1024x768.open-btn_a.glyph-clear.select []
PASS 1024x768.open-btn_a.leader-visible.select {"points":[{"x":418.15519757459396,"y":229.45338983050848},{"x":378.21075004103494,"y":285.74377392914334}]}
PASS 1024x768.open-btn_a.own-edge.left_pad {"distance":0.000004612119823832472,"insideOther":[],"end":{"x":371.6518508566302,"y":386.40276782795536}}
PASS 1024x768.open-btn_a.glyph-clear.left_pad []
PASS 1024x768.open-btn_a.leader-visible.left_pad {"points":[{"x":145.20672960874052,"y":446.32164852767346},{"x":371.6518508566302,"y":386.40276782795536}]}
PASS 1024x768.open-btn_a.own-edge.right_pad {"distance":0.00002594856209725549,"insideOther":[],"end":{"x":652.3481796178442,"y":386.34038657926567}}
PASS 1024x768.open-btn_a.glyph-clear.right_pad []
PASS 1024x768.open-btn_a.leader-visible.right_pad {"points":[{"x":878.0315304341291,"y":445.26480899961655},{"x":652.3481796178442,"y":386.34038657926567}]}
PASS 1024x768.open-btn_a.own-edge.gyro {"distance":0.0000024138197431966546,"insideOther":[],"end":{"x":512.0000000000001,"y":475.97469851391463}}
PASS 1024x768.open-btn_a.glyph-clear.gyro []
PASS 1024x768.open-btn_a.leader-visible.gyro {"points":[{"x":512.0000000000001,"y":517.0466101694915},{"x":512.0000000000001,"y":475.97469851391463}]}
PASS 1024x768.open-btn_a.inside-visible-pane []
PASS 1024x768.open-btn_a.labels-topmost []
PASS 1024x768.open-btn_a.labels-unwrapped []
PASS 1024x768.open-btn_a.no-page-or-pane-scroll [{"id":"HTML","width":1024,"height":768,"clientWidth":1024,"clientHeight":768,"top":0,"left":0},{"id":"BODY","width":1024,"height":768,"clientWidth":1024,"clientHeight":768,"top":0,"left":0},{"id":"tab-editor","width":1024,"height":595,"clientWidth":1024,"clientHeight":595,"top":0,"left":0},{"id":"controller-picture-scroll","width":1000,"height":354,"clientWidth":1000,"clientHeight":354,"top":0,"left":0}]
PASS 1024x768.open-btn_a.card-inside-pane {"x":12,"y":560,"right":1012,"bottom":730}
PASS 1024x768.open-nearest-gyro.23-labels ["btn_a","btn_b","btn_x","btn_y","dpad_down","dpad_left","dpad_right","dpad_up","gyro","l1","l2","l4","l5","left_pad","left_stick","r1","r2","r4","r5","right_pad","right_stick","select","start"]
PASS 1024x768.open-nearest-gyro.23-leaders ["btn_a","btn_b","btn_x","btn_y","dpad_down","dpad_left","dpad_right","dpad_up","gyro","l1","l2","l4","l5","left_pad","left_stick","r1","r2","r4","r5","right_pad","right_stick","select","start"]
PASS 1024x768.open-nearest-gyro.23-shapes ["btn_a","btn_b","btn_x","btn_y","dpad_down","dpad_left","dpad_right","dpad_up","gyro","l1","l2","l4","l5","left_pad","left_stick","r1","r2","r4","r5","right_pad","right_stick","select","start"]
PASS 1024x768.open-nearest-gyro.23-arrowheads ["btn_a","btn_b","btn_x","btn_y","dpad_down","dpad_left","dpad_right","dpad_up","gyro","l1","l2","l4","l5","left_pad","left_stick","r1","r2","r4","r5","right_pad","right_stick","select","start"]
PASS 1024x768.open-nearest-gyro.label-overlaps []
FAIL 1024x768.open-nearest-gyro.leader-intersections [["btn_a","btn_b"],["btn_b","btn_x"],["btn_b","right_stick"],["dpad_down","dpad_right"]]
FAIL 1024x768.open-nearest-gyro.own-edge.btn_a {"distance":18.565172619247665,"insideOther":[],"end":{"x":706.0355484094998,"y":323.7352190718139}}
PASS 1024x768.open-nearest-gyro.glyph-clear.btn_a []
PASS 1024x768.open-nearest-gyro.leader-visible.btn_a {"points":[{"x":862.5042372881358,"y":347.37445917506676},{"x":706.0355484094998,"y":323.7352190718139}]}
FAIL 1024x768.open-nearest-gyro.own-edge.btn_b {"distance":8.446276319698589,"insideOther":[],"end":{"x":689.12611596059,"y":338.95756177309545}}
PASS 1024x768.open-nearest-gyro.glyph-clear.btn_b []
PASS 1024x768.open-nearest-gyro.leader-visible.btn_b {"points":[{"x":862.5042372881358,"y":328.7341527777203},{"x":689.12611596059,"y":338.95756177309545}]}
PASS 1024x768.open-nearest-gyro.own-edge.btn_x {"distance":0.000008620784910817747,"insideOther":[],"end":{"x":672.2167444606287,"y":324.5893804905778}}
PASS 1024x768.open-nearest-gyro.glyph-clear.btn_x []
PASS 1024x768.open-nearest-gyro.leader-visible.btn_x {"points":[{"x":877.2140831381589,"y":377.3608541973567},{"x":672.2167444606287,"y":324.5893804905778}]}
PASS 1024x768.open-nearest-gyro.own-edge.btn_y {"distance":0.000017327777527498256,"insideOther":[],"end":{"x":689.12611596059,"y":305.1345142536918}}
PASS 1024x768.open-nearest-gyro.glyph-clear.btn_y []
PASS 1024x768.open-nearest-gyro.leader-visible.btn_y {"points":[{"x":862.5042372881358,"y":294.82033703690865},{"x":689.12611596059,"y":305.1345142536918}]}
PASS 1024x768.open-nearest-gyro.own-edge.dpad_up {"distance":0.00001056046130543109,"insideOther":[],"end":{"x":336.1420792832887,"y":347.29028867732336}}
PASS 1024x768.open-nearest-gyro.glyph-clear.dpad_up []
PASS 1024x768.open-nearest-gyro.leader-visible.dpad_up {"points":[{"x":161.49576271186442,"y":331.91157383029747},{"x":336.1420792832887,"y":347.29028867732336}]}
PASS 1024x768.open-nearest-gyro.own-edge.dpad_down {"distance":0.00001056046130543109,"insideOther":[],"end":{"x":336.1420792832887,"y":382.01567775920284}}
PASS 1024x768.open-nearest-gyro.glyph-clear.dpad_down []
PASS 1024x768.open-nearest-gyro.leader-visible.dpad_down {"points":[{"x":161.49576271186442,"y":390.0450617472331},{"x":336.1420792832887,"y":382.01567775920284}]}
PASS 1024x768.open-nearest-gyro.own-edge.dpad_left {"distance":0.000006767316051536909,"insideOther":[],"end":{"x":319.65538874049645,"y":364.6523737287791}}
PASS 1024x768.open-nearest-gyro.glyph-clear.dpad_left []
PASS 1024x768.open-nearest-gyro.leader-visible.dpad_left {"points":[{"x":161.49576271186442,"y":361.08757639739474},{"x":319.65538874049645,"y":364.6523737287791}]}
PASS 1024x768.open-nearest-gyro.own-edge.dpad_right {"distance":0.000005129366911660327,"insideOther":[],"end":{"x":346.7104440893831,"y":367.8177726012839}}
PASS 1024x768.open-nearest-gyro.glyph-clear.dpad_right []
PASS 1024x768.open-nearest-gyro.leader-visible.dpad_right {"points":[{"x":153.5436010414598,"y":412.3696711265435},{"x":346.7104440893831,"y":367.8177726012839}]}
PASS 1024x768.open-nearest-gyro.own-edge.left_stick {"distance":0.000007025939623872546,"insideOther":[],"end":{"x":358.54703461383025,"y":318.5868461630439}}
PASS 1024x768.open-nearest-gyro.glyph-clear.left_stick []
PASS 1024x768.open-nearest-gyro.leader-visible.left_stick {"points":[{"x":161.49576271186442,"y":298.844156135947},{"x":358.54703461383025,"y":318.5868461630439}]}
FAIL 1024x768.open-nearest-gyro.own-edge.right_stick {"distance":0.000011293227998976363,"insideOther":["btn_x"],"end":{"x":656.9982186872408,"y":326.8977457251252}}
FAIL 1024x768.open-nearest-gyro.glyph-clear.right_stick ["A","X"]
PASS 1024x768.open-nearest-gyro.leader-visible.right_stick {"points":[{"x":893.4453975871459,"y":411.3128315984866},{"x":656.9982186872408,"y":326.8977457251252}]}
PASS 1024x768.open-nearest-gyro.own-edge.l1 {"distance":0.0000172092416050873,"insideOther":[],"end":{"x":351.57523677847485,"y":278.5572681858041}}
PASS 1024x768.open-nearest-gyro.glyph-clear.l1 []
PASS 1024x768.open-nearest-gyro.leader-visible.l1 {"points":[{"x":283.2080699683583,"y":229.45338983050848},{"x":351.57523677847485,"y":278.5572681858041}]}
PASS 1024x768.open-nearest-gyro.own-edge.r1 {"distance":0.0000172092416050873,"insideOther":[],"end":{"x":672.4247632215253,"y":278.5572681858041}}
PASS 1024x768.open-nearest-gyro.glyph-clear.r1 []
PASS 1024x768.open-nearest-gyro.leader-visible.r1 {"points":[{"x":740.7919300316419,"y":229.45338983050848},{"x":672.4247632215253,"y":278.5572681858041}]}
PASS 1024x768.open-nearest-gyro.own-edge.l2 {"distance":0.0000024569236529714544,"insideOther":[],"end":{"x":328.11010496495135,"y":263.5457631342829}}
PASS 1024x768.open-nearest-gyro.glyph-clear.l2 []
PASS 1024x768.open-nearest-gyro.leader-visible.l2 {"points":[{"x":166.79652322887702,"y":229.45338983050848},{"x":328.11010496495135,"y":263.5457631342829}]}
PASS 1024x768.open-nearest-gyro.own-edge.r2 {"distance":0.000028103758268116508,"insideOther":[],"end":{"x":695.889925509523,"y":263.5457631342829}}
PASS 1024x768.open-nearest-gyro.glyph-clear.r2 []
PASS 1024x768.open-nearest-gyro.leader-visible.r2 {"points":[{"x":857.2035072455973,"y":229.45338983050848},{"x":695.889925509523,"y":263.5457631342829}]}
PASS 1024x768.open-nearest-gyro.own-edge.l4 {"distance":0.000012564793792080309,"insideOther":[],"end":{"x":354.9629926519879,"y":439.61945836557504}}
PASS 1024x768.open-nearest-gyro.glyph-clear.l4 []
PASS 1024x768.open-nearest-gyro.leader-visible.l4 {"points":[{"x":151.85718935088252,"y":517.0466101694915},{"x":354.9629926519879,"y":439.61945836557504}]}
PASS 1024x768.open-nearest-gyro.own-edge.l5 {"distance":0.00001241393010786851,"insideOther":[],"end":{"x":364.08634931488905,"y":469.2109499139301}}
PASS 1024x768.open-nearest-gyro.glyph-clear.l5 []
PASS 1024x768.open-nearest-gyro.leader-visible.l5 {"points":[{"x":324.63567968681036,"y":517.0466101694915},{"x":364.08634931488905,"y":469.2109499139301}]}
PASS 1024x768.open-nearest-gyro.own-edge.r4 {"distance":0.000012564793792080309,"insideOther":[],"end":{"x":669.036976873538,"y":439.61945836557504}}
PASS 1024x768.open-nearest-gyro.glyph-clear.r4 []
PASS 1024x768.open-nearest-gyro.leader-visible.r4 {"points":[{"x":872.1428258863547,"y":517.0466101694915},{"x":669.036976873538,"y":439.61945836557504}]}
PASS 1024x768.open-nearest-gyro.own-edge.r5 {"distance":0.00001241393010786851,"insideOther":[],"end":{"x":659.9136506851111,"y":469.2109499139301}}
PASS 1024x768.open-nearest-gyro.glyph-clear.r5 []
PASS 1024x768.open-nearest-gyro.leader-visible.r5 {"points":[{"x":699.3643203131898,"y":517.0466101694915},{"x":659.9136506851111,"y":469.2109499139301}]}
PASS 1024x768.open-nearest-gyro.own-edge.start {"distance":4.849191554967547e-7,"insideOther":[],"end":{"x":645.7892804334393,"y":285.74377392914334}}
PASS 1024x768.open-nearest-gyro.glyph-clear.start []
PASS 1024x768.open-nearest-gyro.leader-visible.start {"points":[{"x":605.8448024254062,"y":229.45338983050848},{"x":645.7892804334393,"y":285.74377392914334}]}
PASS 1024x768.open-nearest-gyro.own-edge.select {"distance":4.849191554967547e-7,"insideOther":[],"end":{"x":378.21075004103494,"y":285.74377392914334}}
PASS 1024x768.open-nearest-gyro.glyph-clear.select []
PASS 1024x768.open-nearest-gyro.leader-visible.select {"points":[{"x":418.15519757459396,"y":229.45338983050848},{"x":378.21075004103494,"y":285.74377392914334}]}
PASS 1024x768.open-nearest-gyro.own-edge.left_pad {"distance":0.000004612119823832472,"insideOther":[],"end":{"x":371.6518508566302,"y":386.40276782795536}}
PASS 1024x768.open-nearest-gyro.glyph-clear.left_pad []
PASS 1024x768.open-nearest-gyro.leader-visible.left_pad {"points":[{"x":145.20672960874052,"y":446.32164852767346},{"x":371.6518508566302,"y":386.40276782795536}]}
PASS 1024x768.open-nearest-gyro.own-edge.right_pad {"distance":0.00002594856209725549,"insideOther":[],"end":{"x":652.3481796178442,"y":386.34038657926567}}
PASS 1024x768.open-nearest-gyro.glyph-clear.right_pad []
PASS 1024x768.open-nearest-gyro.leader-visible.right_pad {"points":[{"x":878.0315304341291,"y":445.26480899961655},{"x":652.3481796178442,"y":386.34038657926567}]}
PASS 1024x768.open-nearest-gyro.own-edge.gyro {"distance":0.0000024138197431966546,"insideOther":[],"end":{"x":512.0000000000001,"y":475.97469851391463}}
PASS 1024x768.open-nearest-gyro.glyph-clear.gyro []
PASS 1024x768.open-nearest-gyro.leader-visible.gyro {"points":[{"x":512.0000000000001,"y":517.0466101694915},{"x":512.0000000000001,"y":475.97469851391463}]}
PASS 1024x768.open-nearest-gyro.inside-visible-pane []
PASS 1024x768.open-nearest-gyro.labels-topmost []
PASS 1024x768.open-nearest-gyro.labels-unwrapped []
PASS 1024x768.open-nearest-gyro.no-page-or-pane-scroll [{"id":"HTML","width":1024,"height":768,"clientWidth":1024,"clientHeight":768,"top":0,"left":0},{"id":"BODY","width":1024,"height":768,"clientWidth":1024,"clientHeight":768,"top":0,"left":0},{"id":"tab-editor","width":1024,"height":595,"clientWidth":1024,"clientHeight":595,"top":0,"left":0},{"id":"controller-picture-scroll","width":1000,"height":354,"clientWidth":1000,"clientHeight":354,"top":0,"left":0}]
PASS 1024x768.open-nearest-gyro.card-inside-pane {"x":12,"y":560,"right":1012,"bottom":730}
PASS 1024x768.drill.btn_a {"title":"A","hidden":false,"rows":["BTN_A","BTN_A_LAYER_2"]}
PASS 1024x768.drill.btn_b {"title":"B","hidden":false,"rows":["BTN_B","BTN_B_LAYER_2"]}
PASS 1024x768.drill.btn_x {"title":"X","hidden":false,"rows":["BTN_X","BTN_X_LAYER_2"]}
PASS 1024x768.drill.btn_y {"title":"Y","hidden":false,"rows":["BTN_Y","BTN_Y_LAYER_2"]}
PASS 1024x768.drill.dpad_up {"title":"D-pad Up","hidden":false,"rows":["DPAD_UP","DPAD_UP_LONG_PRESS"]}
PASS 1024x768.drill.dpad_down {"title":"D-pad Down","hidden":false,"rows":["DPAD_DOWN","DPAD_DOWN_LONG_PRESS"]}
PASS 1024x768.drill.dpad_left {"title":"D-pad Left","hidden":false,"rows":["DPAD_LEFT","DPAD_LEFT_LONG_PRESS"]}
PASS 1024x768.drill.dpad_right {"title":"D-pad Right","hidden":false,"rows":["DPAD_RIGHT","DPAD_RIGHT_LONG_PRESS"]}
PASS 1024x768.drill.left_stick {"title":"Left stick","hidden":false,"rows":["LEFT_STICK_CLICK_L3","L_STICK_UP","L_STICK_DOWN","L_STICK_LEFT","L_STICK_RIGHT","L_STICK_X_AXIS","L_STICK_Y_AXIS"]}
PASS 1024x768.drill.right_stick {"title":"Right stick","hidden":false,"rows":["RIGHT_STICK_CLICK_R3","R_STICK_UP","R_STICK_DOWN","R_STICK_LEFT","R_STICK_RIGHT","R_STICK_X_AXIS","R_STICK_Y_AXIS"]}
PASS 1024x768.drill.l1 {"title":"L1","hidden":false,"rows":["L1","L1_LAYER_2"]}
PASS 1024x768.drill.r1 {"title":"R1","hidden":false,"rows":["R1","R1_LAYER_2"]}
PASS 1024x768.drill.l2 {"title":"L2","hidden":false,"rows":["L2_SOFT","L2_FULL","L2_SOFT_LAYER_2","L2_FULL_LAYER_2","L_TRIGGER_PRESSURE"]}
PASS 1024x768.drill.r2 {"title":"R2","hidden":false,"rows":["R2_SOFT","R2_FULL","R2_SOFT_LAYER_2","R2_FULL_LAYER_2","R_TRIGGER_PRESSURE"]}
PASS 1024x768.drill.l4 {"title":"L4","hidden":false,"rows":["L4"]}
PASS 1024x768.drill.l5 {"title":"L5","hidden":false,"rows":["L5"]}
PASS 1024x768.drill.r4 {"title":"R4","hidden":false,"rows":["R4"]}
PASS 1024x768.drill.r5 {"title":"R5","hidden":false,"rows":["R5"]}
PASS 1024x768.drill.start {"title":"START","hidden":false,"rows":["START"]}
PASS 1024x768.drill.select {"title":"SELECT","hidden":false,"rows":["SELECT"]}
PASS 1024x768.drill.left_pad {"title":"Left trackpad","hidden":false,"rows":["L_PAD_UP","L_PAD_DOWN","L_PAD_LEFT","L_PAD_RIGHT","L_PAD_UP_LONG_PRESS","L_PAD_DOWN_LONG_PRESS","L_PAD_LEFT_LONG_PRESS","L_PAD_RIGHT_LONG_PRESS","L_PAD_X_POS","L_PAD_Y_POS"]}
PASS 1024x768.drill.right_pad {"title":"Right trackpad","hidden":false,"rows":["R_PAD_UP","R_PAD_DOWN","R_PAD_LEFT","R_PAD_RIGHT","R_PAD_UP_LONG_PRESS","R_PAD_DOWN_LONG_PRESS","R_PAD_LEFT_LONG_PRESS","R_PAD_RIGHT_LONG_PRESS","R_PAD_X_POS","R_PAD_Y_POS"]}
PASS 1024x768.drill.gyro {"title":"Gyro","hidden":false,"rows":["GYRO_FORWARD","GYRO_BACKWARD","GYRO_PITCH","GYRO_YAW","GYRO_ROLL"]}
PASS 1366x768.closed.23-labels ["btn_a","btn_b","btn_x","btn_y","dpad_down","dpad_left","dpad_right","dpad_up","gyro","l1","l2","l4","l5","left_pad","left_stick","r1","r2","r4","r5","right_pad","right_stick","select","start"]
PASS 1366x768.closed.23-leaders ["btn_a","btn_b","btn_x","btn_y","dpad_down","dpad_left","dpad_right","dpad_up","gyro","l1","l2","l4","l5","left_pad","left_stick","r1","r2","r4","r5","right_pad","right_stick","select","start"]
PASS 1366x768.closed.23-shapes ["btn_a","btn_b","btn_x","btn_y","dpad_down","dpad_left","dpad_right","dpad_up","gyro","l1","l2","l4","l5","left_pad","left_stick","r1","r2","r4","r5","right_pad","right_stick","select","start"]
PASS 1366x768.closed.23-arrowheads ["btn_a","btn_b","btn_x","btn_y","dpad_down","dpad_left","dpad_right","dpad_up","gyro","l1","l2","l4","l5","left_pad","left_stick","r1","r2","r4","r5","right_pad","right_stick","select","start"]
PASS 1366x768.closed.label-overlaps []
FAIL 1366x768.closed.leader-intersections [["btn_a","btn_b"],["btn_b","btn_x"],["dpad_down","dpad_right"]]
FAIL 1366x768.closed.own-edge.btn_a {"distance":29.6488196182189,"insideOther":["btn_b"],"end":{"x":996.3425243901271,"y":388.1162782108082}}
PASS 1366x768.closed.glyph-clear.btn_a []
PASS 1366x768.closed.leader-visible.btn_a {"points":[{"x":1199.6555755016852,"y":431.7848039215686},{"x":996.3425243901271,"y":388.1162782108082}]}
FAIL 1366x768.closed.own-edge.btn_b {"distance":13.838314980197987,"insideOther":["btn_a"],"end":{"x":969.0359477922028,"y":412.07178853352866}}
PASS 1366x768.closed.glyph-clear.btn_b []
PASS 1366x768.closed.leader-visible.btn_b {"points":[{"x":1196.4960784313726,"y":402.1611957325655},{"x":969.0359477922028,"y":412.07178853352866}]}
PASS 1366x768.closed.own-edge.btn_x {"distance":0.0000010172525435336865,"insideOther":[],"end":{"x":941.7294321695963,"y":389.48910700480144}}
PASS 1366x768.closed.glyph-clear.btn_x []
PASS 1366x768.closed.leader-visible.btn_x {"points":[{"x":1222.686806712431,"y":479.57125199261833},{"x":941.7294321695963,"y":389.48910700480144}]}
PASS 1366x768.closed.own-edge.btn_y {"distance":0.0000019148284309267183,"insideOther":[],"end":{"x":969.0359477922028,"y":357.74128642362706}}
PASS 1366x768.closed.glyph-clear.btn_y []
PASS 1366x768.closed.leader-visible.btn_y {"points":[{"x":1196.4960784313726,"y":352.7859900231455},{"x":969.0359477922028,"y":357.74128642362706}]}
PASS 1366x768.closed.own-edge.dpad_up {"distance":0.000006283030757003871,"insideOther":[],"end":{"x":399.012030208812,"y":425.362182228238}}
PASS 1366x768.closed.glyph-clear.dpad_up []
PASS 1366x768.closed.leader-visible.dpad_up {"points":[{"x":169.50392156862742,"y":405.8625347212249},{"x":399.012030208812,"y":425.362182228238}]}
PASS 1366x768.closed.own-edge.dpad_down {"distance":0.000006283030757003871,"insideOther":[],"end":{"x":399.012030208812,"y":481.4505722644282}}
PASS 1366x768.closed.glyph-clear.dpad_down []
PASS 1366x768.closed.leader-visible.dpad_down {"points":[{"x":169.50392156862742,"y":492.9503647748162},{"x":399.012030208812,"y":481.4505722644282}]}
PASS 1366x768.closed.own-edge.dpad_left {"distance":0.000010681152332381316,"insideOther":[],"end":{"x":372.3881637573242,"y":453.40122483197376}}
PASS 1366x768.closed.glyph-clear.dpad_left []
PASS 1366x768.closed.leader-visible.dpad_left {"points":[{"x":169.50392156862742,"y":449.52776776482074},{"x":372.3881637573242,"y":453.40122483197376}]}
PASS 1366x768.closed.own-edge.dpad_right {"distance":0.0000120574352422409,"insideOther":[],"end":{"x":416.07862533868524,"y":459.2793826682895}}
PASS 1366x768.closed.glyph-clear.dpad_right []
PASS 1366x768.closed.leader-visible.dpad_right {"points":[{"x":152.3816712173761,"y":530.0883272358016},{"x":416.07862533868524,"y":459.2793826682895}]}
PASS 1366x768.closed.own-edge.left_stick {"distance":0.000008317536014601501,"insideOther":[],"end":{"x":435.19319846957336,"y":379.46644156960883}}
PASS 1366x768.closed.glyph-clear.left_stick []
PASS 1366x768.closed.leader-visible.left_stick {"points":[{"x":169.50392156862742,"y":357.285587385589},{"x":435.19319846957336,"y":379.46644156960883}]}
FAIL 1366x768.closed.own-edge.right_stick {"distance":0.00000975365730937483,"insideOther":["btn_x"],"end":{"x":917.1535742067823,"y":394.25699576583565}}
FAIL 1366x768.closed.glyph-clear.right_stick ["A"]
PASS 1366x768.closed.leader-visible.right_stick {"points":[{"x":1233.7771194757202,"y":527.3576695760091},{"x":917.1535742067823,"y":394.25699576583565}]}
PASS 1366x768.closed.own-edge.l1 {"distance":0.000004831949866002105,"insideOther":[],"end":{"x":428.50161464915556,"y":314.33339970906576}}
PASS 1366x768.closed.glyph-clear.l1 []
PASS 1366x768.closed.leader-visible.l1 {"points":[{"x":365.52813562131394,"y":245.46764705882353},{"x":428.50161464915556,"y":314.33339970906576}]}
PASS 1366x768.closed.own-edge.r1 {"distance":0.000004831949866002105,"insideOther":[],"end":{"x":937.4983548631855,"y":314.33339970906576}}
PASS 1366x768.closed.glyph-clear.r1 []
PASS 1366x768.closed.leader-visible.r1 {"points":[{"x":1000.471894866345,"y":245.46764705882353},{"x":937.4983548631855,"y":314.33339970906576}]}
PASS 1366x768.closed.own-edge.l2 {"distance":0.000009215111788307695,"insideOther":[],"end":{"x":386.0414215686274,"y":289.47705528408875}}
PASS 1366x768.closed.glyph-clear.l2 []
PASS 1366x768.closed.leader-visible.l2 {"points":[{"x":195.81437488630704,"y":245.46764705882353},{"x":386.0414215686274,"y":289.47705528408875}]}
PASS 1366x768.closed.own-edge.r2 {"distance":0.000021302466279848886,"insideOther":[],"end":{"x":979.9585784313725,"y":289.47705528408875}}
PASS 1366x768.closed.glyph-clear.r2 []
PASS 1366x768.closed.leader-visible.r2 {"points":[{"x":1170.185594626034,"y":245.46764705882353},{"x":979.9585784313725,"y":289.47705528408875}]}
PASS 1366x768.closed.own-edge.l4 {"distance":0.000044878791413793806,"insideOther":[],"end":{"x":433.18991537655097,"y":574.4281454647289}}
PASS 1366x768.closed.glyph-clear.l4 []
PASS 1366x768.closed.leader-visible.l4 {"points":[{"x":185.5063449635225,"y":689.0323529411764},{"x":433.18991537655097,"y":574.4281454647289}]}
PASS 1366x768.closed.own-edge.l5 {"distance":0.000006073596409805759,"insideOther":[],"end":{"x":447.90563761393224,"y":622.2145935357786}}
PASS 1366x768.closed.glyph-clear.l5 []
PASS 1366x768.closed.leader-visible.l5 {"points":[{"x":423.52733968098954,"y":689.0323529411764},{"x":447.90563761393224,"y":622.2145935357786}]}
PASS 1366x768.closed.own-edge.r4 {"distance":0.000044878791413793806,"insideOther":[],"end":{"x":932.8100846234489,"y":574.4281454647289}}
PASS 1366x768.closed.glyph-clear.r4 []
PASS 1366x768.closed.leader-visible.r4 {"points":[{"x":1180.4937160117952,"y":689.0323529411764},{"x":932.8100846234489,"y":574.4281454647289}]}
PASS 1366x768.closed.own-edge.r5 {"distance":0.000006073596409805759,"insideOther":[],"end":{"x":918.0943623860677,"y":622.2145935357786}}
PASS 1366x768.closed.glyph-clear.r5 []
PASS 1366x768.closed.leader-visible.r5 {"points":[{"x":942.4726603190104,"y":689.0323529411764},{"x":918.0943623860677,"y":622.2145935357786}]}
PASS 1366x768.closed.own-edge.start {"distance":0.00002722646672737028,"insideOther":[],"end":{"x":896.673672245998,"y":326.51376822976505}}
PASS 1366x768.closed.glyph-clear.start []
PASS 1366x768.closed.leader-visible.start {"points":[{"x":809.5083578072342,"y":245.46764705882353},{"x":896.673672245998,"y":326.51376822976505}]}
PASS 1366x768.closed.own-edge.select {"distance":0.000003261192148329428,"insideOther":[],"end":{"x":469.3263582416609,"y":326.51376822976505}}
PASS 1366x768.closed.glyph-clear.select []
PASS 1366x768.closed.leader-visible.select {"points":[{"x":556.4916421927658,"y":245.46764705882353},{"x":469.3263582416609,"y":326.51376822976505}]}
PASS 1366x768.closed.own-edge.left_pad {"distance":0.000006193273179633252,"insideOther":[],"end":{"x":456.3557496014763,"y":489.2172424017214}}
PASS 1366x768.closed.glyph-clear.left_pad []
PASS 1366x768.closed.leader-visible.left_pad {"points":[{"x":148.2542671951593,"y":578.5574244779699},{"x":456.3557496014763,"y":489.2172424017214}]}
PASS 1366x768.closed.own-edge.right_pad {"distance":0.000006163353987176379,"insideOther":[],"end":{"x":909.6442199108648,"y":488.96532287597654}}
PASS 1366x768.closed.glyph-clear.right_pad []
PASS 1366x768.closed.leader-visible.right_pad {"points":[{"x":1216.1307405359603,"y":575.1441176470588},{"x":909.6442199108648,"y":488.96532287597654}]}
PASS 1366x768.closed.own-edge.gyro {"distance":0.000013343960631573282,"insideOther":[],"end":{"x":683,"y":633.1371936872894}}
PASS 1366x768.closed.glyph-clear.gyro []
PASS 1366x768.closed.leader-visible.gyro {"points":[{"x":683,"y":689.0323529411764},{"x":683,"y":633.1371936872894}]}
PASS 1366x768.closed.inside-visible-pane []
PASS 1366x768.closed.labels-topmost []
PASS 1366x768.closed.labels-unwrapped []
PASS 1366x768.closed.no-page-or-pane-scroll [{"id":"HTML","width":1366,"height":768,"clientWidth":1366,"clientHeight":768,"top":0,"left":0},{"id":"BODY","width":1366,"height":768,"clientWidth":1366,"clientHeight":768,"top":0,"left":0},{"id":"tab-editor","width":1366,"height":595,"clientWidth":1366,"clientHeight":595,"top":0,"left":0},{"id":"controller-picture-scroll","width":1326,"height":510,"clientWidth":1326,"clientHeight":510,"top":0,"left":0}]
PASS 1366x768.open-btn_a.23-labels ["btn_a","btn_b","btn_x","btn_y","dpad_down","dpad_left","dpad_right","dpad_up","gyro","l1","l2","l4","l5","left_pad","left_stick","r1","r2","r4","r5","right_pad","right_stick","select","start"]
PASS 1366x768.open-btn_a.23-leaders ["btn_a","btn_b","btn_x","btn_y","dpad_down","dpad_left","dpad_right","dpad_up","gyro","l1","l2","l4","l5","left_pad","left_stick","r1","r2","r4","r5","right_pad","right_stick","select","start"]
PASS 1366x768.open-btn_a.23-shapes ["btn_a","btn_b","btn_x","btn_y","dpad_down","dpad_left","dpad_right","dpad_up","gyro","l1","l2","l4","l5","left_pad","left_stick","r1","r2","r4","r5","right_pad","right_stick","select","start"]
PASS 1366x768.open-btn_a.23-arrowheads ["btn_a","btn_b","btn_x","btn_y","dpad_down","dpad_left","dpad_right","dpad_up","gyro","l1","l2","l4","l5","left_pad","left_stick","r1","r2","r4","r5","right_pad","right_stick","select","start"]
PASS 1366x768.open-btn_a.label-overlaps []
FAIL 1366x768.open-btn_a.leader-intersections [["btn_a","btn_b"],["btn_b","btn_x"],["dpad_down","dpad_right"]]
FAIL 1366x768.open-btn_a.own-edge.btn_a {"distance":23.322391391515655,"insideOther":[],"end":{"x":759.1455146340763,"y":404.9968224020565}}
PASS 1366x768.open-btn_a.glyph-clear.btn_a []
PASS 1366x768.open-btn_a.leader-visible.btn_a {"points":[{"x":869.9862035414752,"y":435.9806832257439},{"x":759.1455146340763,"y":404.9968224020565}]}
FAIL 1366x768.open-btn_a.own-edge.btn_b {"distance":10.883252126599913,"insideOther":[],"end":{"x":737.4334844252643,"y":423.2560947493011}}
PASS 1366x768.open-btn_a.glyph-clear.btn_b []
PASS 1366x768.open-btn_a.leader-visible.btn_b {"points":[{"x":850.6656862745099,"y":416.9995393341663},{"x":737.4334844252643,"y":423.2560947493011}]}
PASS 1366x768.open-btn_a.own-edge.btn_x {"distance":0.000018669577229957213,"insideOther":[],"end":{"x":715.7214542164522,"y":406.2190574047612}}
PASS 1366x768.open-btn_a.glyph-clear.btn_x []
PASS 1366x768.open-btn_a.leader-visible.btn_x {"points":[{"x":885.9470417695887,"y":473.976736091165},{"x":715.7214542164522,"y":406.2190574047612}]}
PASS 1366x768.open-btn_a.own-edge.btn_y {"distance":0.000012745576782435819,"insideOther":[],"end":{"x":737.4334844252643,"y":380.1169719920439}}
PASS 1366x768.open-btn_a.glyph-clear.btn_y []
PASS 1366x768.open-btn_a.leader-visible.btn_y {"points":[{"x":850.6656862745099,"y":376.9886942844765},{"x":737.4334844252643,"y":380.1169719920439}]}
PASS 1366x768.open-btn_a.own-edge.dpad_up {"distance":0.000006642061123329768,"insideOther":[],"end":{"x":284.1949224135455,"y":433.7462122150496}}
PASS 1366x768.open-btn_a.glyph-clear.dpad_up []
PASS 1366x768.open-btn_a.leader-visible.dpad_up {"points":[{"x":169.3343137254902,"y":421.3704635320925},{"x":284.1949224135455,"y":433.7462122150496}]}
PASS 1366x768.open-btn_a.own-edge.dpad_down {"distance":0.000006642061123329768,"insideOther":[],"end":{"x":284.1949224135455,"y":478.6578722187117}}
PASS 1366x768.open-btn_a.glyph-clear.dpad_down []
PASS 1366x768.open-btn_a.leader-visible.dpad_down {"points":[{"x":169.3343137254902,"y":485.9563738654642},{"x":284.1949224135455,"y":478.6578722187117}]}
PASS 1366x768.open-btn_a.own-edge.dpad_left {"distance":0.000013927384941325727,"insideOther":[],"end":{"x":263.0257097281662,"y":456.19168403475896}}
PASS 1366x768.open-btn_a.glyph-clear.dpad_left []
PASS 1366x768.open-btn_a.leader-visible.dpad_left {"points":[{"x":169.3343137254902,"y":453.86367688646504},{"x":263.0257097281662,"y":456.19168403475896}]}
FAIL 1366x768.open-btn_a.own-edge.dpad_right {"distance":0.000004697313499946176,"insideOther":["dpad_down"],"end":{"x":297.76494891596775,"y":462.0034397499234}}
PASS 1366x768.open-btn_a.glyph-clear.dpad_right []
PASS 1366x768.open-btn_a.leader-visible.dpad_right {"points":[{"x":141.35764887192673,"y":514.1439828311695},{"x":297.76494891596775,"y":462.0034397499234}]}
PASS 1366x768.open-btn_a.own-edge.left_stick {"distance":0.0000033808689750003396,"insideOther":[],"end":{"x":312.96335176954085,"y":397.0234306933833}}
PASS 1366x768.open-btn_a.glyph-clear.left_stick []
PASS 1366x768.open-btn_a.leader-visible.left_stick {"points":[{"x":169.3343137254902,"y":382.3993543587479},{"x":312.96335176954085,"y":397.0234306933833}]}
FAIL 1366x768.open-btn_a.own-edge.right_stick {"distance":0.000030098709430603776,"insideOther":["btn_x"],"end":{"x":696.1806331260532,"y":411.2731643078374}}
FAIL 1366x768.open-btn_a.glyph-clear.right_stick ["A"]
PASS 1366x768.open-btn_a.leader-visible.right_stick {"points":[{"x":894.1360269583907,"y":511.9727737127566},{"x":696.1806331260532,"y":411.2731643078374}]}
PASS 1366x768.open-btn_a.own-edge.l1 {"distance":0.000003470626552370959,"insideOther":[],"end":{"x":311.53723054773667,"y":345.6626552207797}}
PASS 1366x768.open-btn_a.glyph-clear.l1 []
PASS 1366x768.open-btn_a.leader-visible.l1 {"points":[{"x":271.26358187806375,"y":245.46764705882353},{"x":311.53723054773667,"y":345.6626552207797}]}
PASS 1366x768.open-btn_a.own-edge.r1 {"distance":0.000003470626552370959,"insideOther":[],"end":{"x":708.4627694522634,"y":345.6626552207797}}
PASS 1366x768.open-btn_a.glyph-clear.r1 []
PASS 1366x768.open-btn_a.leader-visible.r1 {"points":[{"x":748.7364181219363,"y":245.46764705882353},{"x":708.4627694522634,"y":345.6626552207797}]}
PASS 1366x768.open-btn_a.own-edge.l2 {"distance":0.0000045701569320044655,"insideOther":[],"end":{"x":279.33671396292897,"y":321.77942351546943}}
PASS 1366x768.open-btn_a.glyph-clear.l2 []
PASS 1366x768.open-btn_a.leader-visible.l2 {"points":[{"x":131.16364279354323,"y":245.46764705882353},{"x":279.33671396292897,"y":321.77942351546943}]}
PASS 1366x768.open-btn_a.own-edge.r2 {"distance":0.0000045701569320044655,"insideOther":[],"end":{"x":740.6632860370711,"y":321.77942351546943}}
PASS 1366x768.open-btn_a.glyph-clear.r2 []
PASS 1366x768.open-btn_a.leader-visible.r2 {"points":[{"x":888.8363572064568,"y":245.46764705882353},{"x":740.6632860370711,"y":321.77942351546943}]}
PASS 1366x768.open-btn_a.own-edge.l4 {"distance":0.000012566061514007743,"insideOther":[],"end":{"x":316.9148267558977,"y":552.4697139964385}}
PASS 1366x768.open-btn_a.glyph-clear.l4 []
PASS 1366x768.open-btn_a.leader-visible.l4 {"points":[{"x":138.01531731100647,"y":689.0323529411764},{"x":316.9148267558977,"y":552.4697139964385}]}
PASS 1366x768.open-btn_a.own-edge.l5 {"distance":0.000007659313723706873,"insideOther":[],"end":{"x":324.8371668796913,"y":590.46575161803}}
PASS 1366x768.open-btn_a.glyph-clear.l5 []
PASS 1366x768.open-btn_a.leader-visible.l5 {"points":[{"x":315.5969672109567,"y":689.0323529411764},{"x":324.8371668796913,"y":590.46575161803}]}
PASS 1366x768.open-btn_a.own-edge.r4 {"distance":0.000012566061514007743,"insideOther":[],"end":{"x":703.0851732441023,"y":552.4697139964385}}
PASS 1366x768.open-btn_a.glyph-clear.r4 []
PASS 1366x768.open-btn_a.leader-visible.r4 {"points":[{"x":881.9846826889936,"y":689.0323529411764},{"x":703.0851732441023,"y":552.4697139964385}]}
PASS 1366x768.open-btn_a.own-edge.r5 {"distance":0.000007659313723706873,"insideOther":[],"end":{"x":695.1628331203087,"y":590.46575161803}}
PASS 1366x768.open-btn_a.glyph-clear.r5 []
PASS 1366x768.open-btn_a.leader-visible.r5 {"points":[{"x":704.4030327890433,"y":689.0323529411764},{"x":695.1628331203087,"y":590.46575161803}]}
PASS 1366x768.open-btn_a.own-edge.start {"distance":0.000004697313499946176,"insideOther":[],"end":{"x":681.6925317502489,"y":354.890263486376}}
PASS 1366x768.open-btn_a.glyph-clear.start []
PASS 1366x768.open-btn_a.leader-visible.start {"points":[{"x":602.4401062610103,"y":245.46764705882353},{"x":681.6925317502489,"y":354.890263486376}]}
PASS 1366x768.open-btn_a.own-edge.select {"distance":0.000004697313499946176,"insideOther":[],"end":{"x":338.30743776209215,"y":354.890263486376}}
PASS 1366x768.open-btn_a.glyph-clear.select []
PASS 1366x768.open-btn_a.leader-visible.select {"points":[{"x":417.55986325133085,"y":245.46764705882353},{"x":338.30743776209215,"y":354.890263486376}]}
PASS 1366x768.open-btn_a.own-edge.left_pad {"distance":2.991919814121502e-7,"insideOther":[],"end":{"x":329.7901919495826,"y":486.07612938974415}}
PASS 1366x768.open-btn_a.glyph-clear.left_pad []
PASS 1366x768.open-btn_a.leader-visible.left_pad {"points":[{"x":139.26956435558844,"y":552.6828227323645},{"x":329.7901919495826,"y":486.07612938974415}]}
PASS 1366x768.open-btn_a.own-edge.right_pad {"distance":0.00003021838620043127,"insideOther":[],"end":{"x":690.2098080504175,"y":485.83463664335363}}
PASS 1366x768.open-btn_a.glyph-clear.right_pad []
PASS 1366x768.open-btn_a.leader-visible.right_pad {"points":[{"x":879.3909755931181,"y":549.9688113343482},{"x":690.2098080504175,"y":485.83463664335363}]}
PASS 1366x768.open-btn_a.own-edge.gyro {"distance":0.00004490871060625068,"insideOther":[],"end":{"x":510,"y":599.1505576040231}}
PASS 1366x768.open-btn_a.glyph-clear.gyro []
PASS 1366x768.open-btn_a.leader-visible.gyro {"points":[{"x":510,"y":689.0323529411764},{"x":510,"y":599.1505576040231}]}
PASS 1366x768.open-btn_a.inside-visible-pane []
PASS 1366x768.open-btn_a.labels-topmost []
PASS 1366x768.open-btn_a.labels-unwrapped []
PASS 1366x768.open-btn_a.no-page-or-pane-scroll [{"id":"HTML","width":1366,"height":768,"clientWidth":1366,"clientHeight":768,"top":0,"left":0},{"id":"BODY","width":1366,"height":768,"clientWidth":1366,"clientHeight":768,"top":0,"left":0},{"id":"tab-editor","width":1366,"height":595,"clientWidth":1366,"clientHeight":595,"top":0,"left":0},{"id":"controller-picture-scroll","width":980,"height":510,"clientWidth":980,"clientHeight":510,"top":0,"left":0}]
PASS 1366x768.open-btn_a.card-inside-pane {"x":1016,"y":212.5,"right":1346,"bottom":722}
PASS 1366x768.open-nearest-right_pad.23-labels ["btn_a","btn_b","btn_x","btn_y","dpad_down","dpad_left","dpad_right","dpad_up","gyro","l1","l2","l4","l5","left_pad","left_stick","r1","r2","r4","r5","right_pad","right_stick","select","start"]
PASS 1366x768.open-nearest-right_pad.23-leaders ["btn_a","btn_b","btn_x","btn_y","dpad_down","dpad_left","dpad_right","dpad_up","gyro","l1","l2","l4","l5","left_pad","left_stick","r1","r2","r4","r5","right_pad","right_stick","select","start"]
PASS 1366x768.open-nearest-right_pad.23-shapes ["btn_a","btn_b","btn_x","btn_y","dpad_down","dpad_left","dpad_right","dpad_up","gyro","l1","l2","l4","l5","left_pad","left_stick","r1","r2","r4","r5","right_pad","right_stick","select","start"]
PASS 1366x768.open-nearest-right_pad.23-arrowheads ["btn_a","btn_b","btn_x","btn_y","dpad_down","dpad_left","dpad_right","dpad_up","gyro","l1","l2","l4","l5","left_pad","left_stick","r1","r2","r4","r5","right_pad","right_stick","select","start"]
PASS 1366x768.open-nearest-right_pad.label-overlaps []
FAIL 1366x768.open-nearest-right_pad.leader-intersections [["btn_a","btn_b"],["btn_b","btn_x"],["dpad_down","dpad_right"]]
FAIL 1366x768.open-nearest-right_pad.own-edge.btn_a {"distance":23.322391391515655,"insideOther":[],"end":{"x":759.1455146340763,"y":404.9968224020565}}
PASS 1366x768.open-nearest-right_pad.glyph-clear.btn_a []
PASS 1366x768.open-nearest-right_pad.leader-visible.btn_a {"points":[{"x":869.9862035414752,"y":435.9806832257439},{"x":759.1455146340763,"y":404.9968224020565}]}
FAIL 1366x768.open-nearest-right_pad.own-edge.btn_b {"distance":10.883252126599913,"insideOther":[],"end":{"x":737.4334844252643,"y":423.2560947493011}}
PASS 1366x768.open-nearest-right_pad.glyph-clear.btn_b []
PASS 1366x768.open-nearest-right_pad.leader-visible.btn_b {"points":[{"x":850.6656862745099,"y":416.9995393341663},{"x":737.4334844252643,"y":423.2560947493011}]}
PASS 1366x768.open-nearest-right_pad.own-edge.btn_x {"distance":0.000018669577229957213,"insideOther":[],"end":{"x":715.7214542164522,"y":406.2190574047612}}
PASS 1366x768.open-nearest-right_pad.glyph-clear.btn_x []
PASS 1366x768.open-nearest-right_pad.leader-visible.btn_x {"points":[{"x":885.9470417695887,"y":473.976736091165},{"x":715.7214542164522,"y":406.2190574047612}]}
PASS 1366x768.open-nearest-right_pad.own-edge.btn_y {"distance":0.000012745576782435819,"insideOther":[],"end":{"x":737.4334844252643,"y":380.1169719920439}}
PASS 1366x768.open-nearest-right_pad.glyph-clear.btn_y []
PASS 1366x768.open-nearest-right_pad.leader-visible.btn_y {"points":[{"x":850.6656862745099,"y":376.9886942844765},{"x":737.4334844252643,"y":380.1169719920439}]}
PASS 1366x768.open-nearest-right_pad.own-edge.dpad_up {"distance":0.000006642061123329768,"insideOther":[],"end":{"x":284.1949224135455,"y":433.7462122150496}}
PASS 1366x768.open-nearest-right_pad.glyph-clear.dpad_up []
PASS 1366x768.open-nearest-right_pad.leader-visible.dpad_up {"points":[{"x":169.3343137254902,"y":421.3704635320925},{"x":284.1949224135455,"y":433.7462122150496}]}
PASS 1366x768.open-nearest-right_pad.own-edge.dpad_down {"distance":0.000006642061123329768,"insideOther":[],"end":{"x":284.1949224135455,"y":478.6578722187117}}
PASS 1366x768.open-nearest-right_pad.glyph-clear.dpad_down []
PASS 1366x768.open-nearest-right_pad.leader-visible.dpad_down {"points":[{"x":169.3343137254902,"y":485.9563738654642},{"x":284.1949224135455,"y":478.6578722187117}]}
PASS 1366x768.open-nearest-right_pad.own-edge.dpad_left {"distance":0.000013927384941325727,"insideOther":[],"end":{"x":263.0257097281662,"y":456.19168403475896}}
PASS 1366x768.open-nearest-right_pad.glyph-clear.dpad_left []
PASS 1366x768.open-nearest-right_pad.leader-visible.dpad_left {"points":[{"x":169.3343137254902,"y":453.86367688646504},{"x":263.0257097281662,"y":456.19168403475896}]}
FAIL 1366x768.open-nearest-right_pad.own-edge.dpad_right {"distance":0.000004697313499946176,"insideOther":["dpad_down"],"end":{"x":297.76494891596775,"y":462.0034397499234}}
PASS 1366x768.open-nearest-right_pad.glyph-clear.dpad_right []
PASS 1366x768.open-nearest-right_pad.leader-visible.dpad_right {"points":[{"x":141.35764887192673,"y":514.1439828311695},{"x":297.76494891596775,"y":462.0034397499234}]}
PASS 1366x768.open-nearest-right_pad.own-edge.left_stick {"distance":0.0000033808689750003396,"insideOther":[],"end":{"x":312.96335176954085,"y":397.0234306933833}}
PASS 1366x768.open-nearest-right_pad.glyph-clear.left_stick []
PASS 1366x768.open-nearest-right_pad.leader-visible.left_stick {"points":[{"x":169.3343137254902,"y":382.3993543587479},{"x":312.96335176954085,"y":397.0234306933833}]}
FAIL 1366x768.open-nearest-right_pad.own-edge.right_stick {"distance":0.000030098709430603776,"insideOther":["btn_x"],"end":{"x":696.1806331260532,"y":411.2731643078374}}
FAIL 1366x768.open-nearest-right_pad.glyph-clear.right_stick ["A"]
PASS 1366x768.open-nearest-right_pad.leader-visible.right_stick {"points":[{"x":894.1360269583907,"y":511.9727737127566},{"x":696.1806331260532,"y":411.2731643078374}]}
PASS 1366x768.open-nearest-right_pad.own-edge.l1 {"distance":0.000003470626552370959,"insideOther":[],"end":{"x":311.53723054773667,"y":345.6626552207797}}
PASS 1366x768.open-nearest-right_pad.glyph-clear.l1 []
PASS 1366x768.open-nearest-right_pad.leader-visible.l1 {"points":[{"x":271.26358187806375,"y":245.46764705882353},{"x":311.53723054773667,"y":345.6626552207797}]}
PASS 1366x768.open-nearest-right_pad.own-edge.r1 {"distance":0.000003470626552370959,"insideOther":[],"end":{"x":708.4627694522634,"y":345.6626552207797}}
PASS 1366x768.open-nearest-right_pad.glyph-clear.r1 []
PASS 1366x768.open-nearest-right_pad.leader-visible.r1 {"points":[{"x":748.7364181219363,"y":245.46764705882353},{"x":708.4627694522634,"y":345.6626552207797}]}
PASS 1366x768.open-nearest-right_pad.own-edge.l2 {"distance":0.0000045701569320044655,"insideOther":[],"end":{"x":279.33671396292897,"y":321.77942351546943}}
PASS 1366x768.open-nearest-right_pad.glyph-clear.l2 []
PASS 1366x768.open-nearest-right_pad.leader-visible.l2 {"points":[{"x":131.16364279354323,"y":245.46764705882353},{"x":279.33671396292897,"y":321.77942351546943}]}
PASS 1366x768.open-nearest-right_pad.own-edge.r2 {"distance":0.0000045701569320044655,"insideOther":[],"end":{"x":740.6632860370711,"y":321.77942351546943}}
PASS 1366x768.open-nearest-right_pad.glyph-clear.r2 []
PASS 1366x768.open-nearest-right_pad.leader-visible.r2 {"points":[{"x":888.8363572064568,"y":245.46764705882353},{"x":740.6632860370711,"y":321.77942351546943}]}
PASS 1366x768.open-nearest-right_pad.own-edge.l4 {"distance":0.000012566061514007743,"insideOther":[],"end":{"x":316.9148267558977,"y":552.4697139964385}}
PASS 1366x768.open-nearest-right_pad.glyph-clear.l4 []
PASS 1366x768.open-nearest-right_pad.leader-visible.l4 {"points":[{"x":138.01531731100647,"y":689.0323529411764},{"x":316.9148267558977,"y":552.4697139964385}]}
PASS 1366x768.open-nearest-right_pad.own-edge.l5 {"distance":0.000007659313723706873,"insideOther":[],"end":{"x":324.8371668796913,"y":590.46575161803}}
PASS 1366x768.open-nearest-right_pad.glyph-clear.l5 []
PASS 1366x768.open-nearest-right_pad.leader-visible.l5 {"points":[{"x":315.5969672109567,"y":689.0323529411764},{"x":324.8371668796913,"y":590.46575161803}]}
PASS 1366x768.open-nearest-right_pad.own-edge.r4 {"distance":0.000012566061514007743,"insideOther":[],"end":{"x":703.0851732441023,"y":552.4697139964385}}
PASS 1366x768.open-nearest-right_pad.glyph-clear.r4 []
PASS 1366x768.open-nearest-right_pad.leader-visible.r4 {"points":[{"x":881.9846826889936,"y":689.0323529411764},{"x":703.0851732441023,"y":552.4697139964385}]}
PASS 1366x768.open-nearest-right_pad.own-edge.r5 {"distance":0.000007659313723706873,"insideOther":[],"end":{"x":695.1628331203087,"y":590.46575161803}}
PASS 1366x768.open-nearest-right_pad.glyph-clear.r5 []
PASS 1366x768.open-nearest-right_pad.leader-visible.r5 {"points":[{"x":704.4030327890433,"y":689.0323529411764},{"x":695.1628331203087,"y":590.46575161803}]}
PASS 1366x768.open-nearest-right_pad.own-edge.start {"distance":0.000004697313499946176,"insideOther":[],"end":{"x":681.6925317502489,"y":354.890263486376}}
PASS 1366x768.open-nearest-right_pad.glyph-clear.start []
PASS 1366x768.open-nearest-right_pad.leader-visible.start {"points":[{"x":602.4401062610103,"y":245.46764705882353},{"x":681.6925317502489,"y":354.890263486376}]}
PASS 1366x768.open-nearest-right_pad.own-edge.select {"distance":0.000004697313499946176,"insideOther":[],"end":{"x":338.30743776209215,"y":354.890263486376}}
PASS 1366x768.open-nearest-right_pad.glyph-clear.select []
PASS 1366x768.open-nearest-right_pad.leader-visible.select {"points":[{"x":417.55986325133085,"y":245.46764705882353},{"x":338.30743776209215,"y":354.890263486376}]}
PASS 1366x768.open-nearest-right_pad.own-edge.left_pad {"distance":2.991919814121502e-7,"insideOther":[],"end":{"x":329.7901919495826,"y":486.07612938974415}}
PASS 1366x768.open-nearest-right_pad.glyph-clear.left_pad []
PASS 1366x768.open-nearest-right_pad.leader-visible.left_pad {"points":[{"x":139.26956435558844,"y":552.6828227323645},{"x":329.7901919495826,"y":486.07612938974415}]}
PASS 1366x768.open-nearest-right_pad.own-edge.right_pad {"distance":0.00003021838620043127,"insideOther":[],"end":{"x":690.2098080504175,"y":485.83463664335363}}
PASS 1366x768.open-nearest-right_pad.glyph-clear.right_pad []
PASS 1366x768.open-nearest-right_pad.leader-visible.right_pad {"points":[{"x":879.3909755931181,"y":549.9688113343482},{"x":690.2098080504175,"y":485.83463664335363}]}
PASS 1366x768.open-nearest-right_pad.own-edge.gyro {"distance":0.00004490871060625068,"insideOther":[],"end":{"x":510,"y":599.1505576040231}}
PASS 1366x768.open-nearest-right_pad.glyph-clear.gyro []
PASS 1366x768.open-nearest-right_pad.leader-visible.gyro {"points":[{"x":510,"y":689.0323529411764},{"x":510,"y":599.1505576040231}]}
PASS 1366x768.open-nearest-right_pad.inside-visible-pane []
PASS 1366x768.open-nearest-right_pad.labels-topmost []
PASS 1366x768.open-nearest-right_pad.labels-unwrapped []
PASS 1366x768.open-nearest-right_pad.no-page-or-pane-scroll [{"id":"HTML","width":1366,"height":768,"clientWidth":1366,"clientHeight":768,"top":0,"left":0},{"id":"BODY","width":1366,"height":768,"clientWidth":1366,"clientHeight":768,"top":0,"left":0},{"id":"tab-editor","width":1366,"height":595,"clientWidth":1366,"clientHeight":595,"top":0,"left":0},{"id":"controller-picture-scroll","width":980,"height":510,"clientWidth":980,"clientHeight":510,"top":0,"left":0}]
PASS 1366x768.open-nearest-right_pad.card-inside-pane {"x":1016,"y":212.5,"right":1346,"bottom":722}
PASS 1366x768.drill.btn_a {"title":"A","hidden":false,"rows":["BTN_A","BTN_A_LAYER_2"]}
PASS 1366x768.drill.btn_b {"title":"B","hidden":false,"rows":["BTN_B","BTN_B_LAYER_2"]}
PASS 1366x768.drill.btn_x {"title":"X","hidden":false,"rows":["BTN_X","BTN_X_LAYER_2"]}
PASS 1366x768.drill.btn_y {"title":"Y","hidden":false,"rows":["BTN_Y","BTN_Y_LAYER_2"]}
PASS 1366x768.drill.dpad_up {"title":"D-pad Up","hidden":false,"rows":["DPAD_UP","DPAD_UP_LONG_PRESS"]}
PASS 1366x768.drill.dpad_down {"title":"D-pad Down","hidden":false,"rows":["DPAD_DOWN","DPAD_DOWN_LONG_PRESS"]}
PASS 1366x768.drill.dpad_left {"title":"D-pad Left","hidden":false,"rows":["DPAD_LEFT","DPAD_LEFT_LONG_PRESS"]}
PASS 1366x768.drill.dpad_right {"title":"D-pad Right","hidden":false,"rows":["DPAD_RIGHT","DPAD_RIGHT_LONG_PRESS"]}
PASS 1366x768.drill.left_stick {"title":"Left stick","hidden":false,"rows":["LEFT_STICK_CLICK_L3","L_STICK_UP","L_STICK_DOWN","L_STICK_LEFT","L_STICK_RIGHT","L_STICK_X_AXIS","L_STICK_Y_AXIS"]}
PASS 1366x768.drill.right_stick {"title":"Right stick","hidden":false,"rows":["RIGHT_STICK_CLICK_R3","R_STICK_UP","R_STICK_DOWN","R_STICK_LEFT","R_STICK_RIGHT","R_STICK_X_AXIS","R_STICK_Y_AXIS"]}
PASS 1366x768.drill.l1 {"title":"L1","hidden":false,"rows":["L1","L1_LAYER_2"]}
PASS 1366x768.drill.r1 {"title":"R1","hidden":false,"rows":["R1","R1_LAYER_2"]}
PASS 1366x768.drill.l2 {"title":"L2","hidden":false,"rows":["L2_SOFT","L2_FULL","L2_SOFT_LAYER_2","L2_FULL_LAYER_2","L_TRIGGER_PRESSURE"]}
PASS 1366x768.drill.r2 {"title":"R2","hidden":false,"rows":["R2_SOFT","R2_FULL","R2_SOFT_LAYER_2","R2_FULL_LAYER_2","R_TRIGGER_PRESSURE"]}
PASS 1366x768.drill.l4 {"title":"L4","hidden":false,"rows":["L4"]}
PASS 1366x768.drill.l5 {"title":"L5","hidden":false,"rows":["L5"]}
PASS 1366x768.drill.r4 {"title":"R4","hidden":false,"rows":["R4"]}
PASS 1366x768.drill.r5 {"title":"R5","hidden":false,"rows":["R5"]}
PASS 1366x768.drill.start {"title":"START","hidden":false,"rows":["START"]}
PASS 1366x768.drill.select {"title":"SELECT","hidden":false,"rows":["SELECT"]}
PASS 1366x768.drill.left_pad {"title":"Left trackpad","hidden":false,"rows":["L_PAD_UP","L_PAD_DOWN","L_PAD_LEFT","L_PAD_RIGHT","L_PAD_UP_LONG_PRESS","L_PAD_DOWN_LONG_PRESS","L_PAD_LEFT_LONG_PRESS","L_PAD_RIGHT_LONG_PRESS","L_PAD_X_POS","L_PAD_Y_POS"]}
PASS 1366x768.drill.right_pad {"title":"Right trackpad","hidden":false,"rows":["R_PAD_UP","R_PAD_DOWN","R_PAD_LEFT","R_PAD_RIGHT","R_PAD_UP_LONG_PRESS","R_PAD_DOWN_LONG_PRESS","R_PAD_LEFT_LONG_PRESS","R_PAD_RIGHT_LONG_PRESS","R_PAD_X_POS","R_PAD_Y_POS"]}
PASS 1366x768.drill.gyro {"title":"Gyro","hidden":false,"rows":["GYRO_FORWARD","GYRO_BACKWARD","GYRO_PITCH","GYRO_YAW","GYRO_ROLL"]}
PASS 1440x900.closed.23-labels ["btn_a","btn_b","btn_x","btn_y","dpad_down","dpad_left","dpad_right","dpad_up","gyro","l1","l2","l4","l5","left_pad","left_stick","r1","r2","r4","r5","right_pad","right_stick","select","start"]
PASS 1440x900.closed.23-leaders ["btn_a","btn_b","btn_x","btn_y","dpad_down","dpad_left","dpad_right","dpad_up","gyro","l1","l2","l4","l5","left_pad","left_stick","r1","r2","r4","r5","right_pad","right_stick","select","start"]
PASS 1440x900.closed.23-shapes ["btn_a","btn_b","btn_x","btn_y","dpad_down","dpad_left","dpad_right","dpad_up","gyro","l1","l2","l4","l5","left_pad","left_stick","r1","r2","r4","r5","right_pad","right_stick","select","start"]
PASS 1440x900.closed.23-arrowheads ["btn_a","btn_b","btn_x","btn_y","dpad_down","dpad_left","dpad_right","dpad_up","gyro","l1","l2","l4","l5","left_pad","left_stick","r1","r2","r4","r5","right_pad","right_stick","select","start"]
PASS 1440x900.closed.label-overlaps []
FAIL 1440x900.closed.leader-intersections [["btn_a","btn_b"],["btn_b","btn_x"],["dpad_down","dpad_right"]]
FAIL 1440x900.closed.own-edge.btn_a {"distance":37.94430041771552,"insideOther":["btn_b"],"end":{"x":1129.7206932376848,"y":432.03819164383077}}
PASS 1440x900.closed.glyph-clear.btn_a []
PASS 1440x900.closed.leader-visible.btn_a {"points":[{"x":1300.462978945343,"y":491.48256671465816},{"x":1129.7206932376848,"y":432.03819164383077}]}
FAIL 1440x900.closed.own-edge.btn_b {"distance":17.69934737378441,"insideOther":["btn_a"],"end":{"x":1094.0151245497468,"y":460.702663243374}}
PASS 1440x900.closed.glyph-clear.btn_b []
PASS 1440x900.closed.leader-visible.btn_b {"points":[{"x":1270.5708722741433,"y":448.8734280238642},{"x":1094.0151245497468,"y":460.702663243374}]}
PASS 1440x900.closed.own-edge.btn_x {"distance":0.000014545761587214656,"insideOther":[],"end":{"x":1058.309677837051,"y":434.1499032706858}}
PASS 1440x900.closed.glyph-clear.btn_x []
PASS 1440x900.closed.leader-visible.btn_x {"points":[{"x":1311.8036270854627,"y":553.9671899433076},{"x":1058.309677837051,"y":434.1499032706858}]}
PASS 1440x900.closed.own-edge.btn_y {"distance":0.00001216900318468106,"insideOther":[],"end":{"x":1094.0151245497468,"y":389.8598237676413}}
PASS 1440x900.closed.glyph-clear.btn_y []
PASS 1440x900.closed.leader-visible.btn_y {"points":[{"x":1270.5708722741433,"y":383.94519853443376},{"x":1094.0151245497468,"y":389.8598237676413}]}
PASS 1440x900.closed.own-edge.dpad_up {"distance":1.663730699874577e-7,"insideOther":[],"end":{"x":348.6627504105137,"y":477.82576119491245}}
PASS 1440x900.closed.glyph-clear.dpad_up []
PASS 1440x900.closed.leader-visible.dpad_up {"points":[{"x":169.42912772585666,"y":454.40889321680754},{"x":348.6627504105137,"y":477.82576119491245}]}
PASS 1440x900.closed.own-edge.dpad_down {"distance":1.663730699874577e-7,"insideOther":[],"end":{"x":348.6627504105137,"y":552.203183991144}}
PASS 1440x900.closed.glyph-clear.dpad_down []
PASS 1440x900.closed.leader-visible.dpad_down {"points":[{"x":169.42912772585666,"y":566.0131599212361},{"x":348.6627504105137,"y":552.203183991144}]}
PASS 1440x900.closed.own-edge.dpad_left {"distance":0.000003992954077602917,"insideOther":[],"end":{"x":313.8498880261572,"y":514.9828962522133}}
PASS 1440x900.closed.glyph-clear.dpad_left []
PASS 1440x900.closed.leader-visible.dpad_left {"points":[{"x":169.42912772585666,"y":510.5135099226812},{"x":313.8498880261572,"y":514.9828962522133}]}
FAIL 1440x900.closed.own-edge.dpad_right {"distance":0.0000016161956750693207,"insideOther":["dpad_down"],"end":{"x":370.9787003466644,"y":526.3512632661148}}
PASS 1440x900.closed.glyph-clear.dpad_right []
PASS 1440x900.closed.leader-visible.dpad_right {"points":[{"x":134.34909382044708,"y":620.0223639419888},{"x":370.9787003466644,"y":526.3512632661148}]}
PASS 1440x900.closed.own-edge.left_stick {"distance":0.000008960379318523337,"insideOther":[],"end":{"x":395.9725557368863,"y":417.10697354705906}}
PASS 1440x900.closed.glyph-clear.left_stick []
PASS 1440x900.closed.leader-visible.left_stick {"points":[{"x":169.42912772585666,"y":390.1736813126323},{"x":395.9725557368863,"y":417.10697354705906}]}
PASS 1440x900.closed.own-edge.right_stick {"distance":0.00000779576748755062,"insideOther":[],"end":{"x":1026.174690412955,"y":444.3050130446009}}
FAIL 1440x900.closed.glyph-clear.right_stick ["A"]
PASS 1440x900.closed.leader-visible.right_stick {"points":[{"x":1318.0971836553554,"y":616.4518131719572},{"x":1026.174690412955,"y":444.3050130446009}]}
PASS 1440x900.closed.own-edge.l1 {"distance":0.000014587354826289811,"insideOther":[],"end":{"x":395.57497743505553,"y":333.2991797485827}}
PASS 1440x900.closed.glyph-clear.l1 []
PASS 1440x900.closed.leader-visible.l1 {"points":[{"x":373.96120847422753,"y":245.47429906542055},{"x":395.57497743505553,"y":333.2991797485827}]}
PASS 1440x900.closed.own-edge.r1 {"distance":0.000014587354826289811,"insideOther":[],"end":{"x":1044.4249920711338,"y":333.2991797485827}}
PASS 1440x900.closed.glyph-clear.r1 []
PASS 1440x900.closed.leader-visible.r1 {"points":[{"x":1066.0387610319617,"y":245.47429906542055},{"x":1044.4249920711338,"y":333.2991797485827}]}
PASS 1440x900.closed.own-edge.l2 {"distance":0.000005157565738045378,"insideOther":[],"end":{"x":331.70264187631574,"y":296.46926614874246}}
PASS 1440x900.closed.glyph-clear.l2 []
PASS 1440x900.closed.leader-visible.l2 {"points":[{"x":181.32082951625927,"y":245.47429906542055},{"x":331.70264187631574,"y":296.46926614874246}]}
PASS 1440x900.closed.own-edge.r2 {"distance":0.000035651376492751297,"insideOther":[],"end":{"x":1108.2973276298735,"y":296.46926614874246}}
PASS 1440x900.closed.glyph-clear.r2 []
PASS 1440x900.closed.leader-visible.r2 {"points":[{"x":1258.6791399899303,"y":245.47429906542055},{"x":1108.2973276298735,"y":296.46926614874246}]}
PASS 1440x900.closed.own-edge.l4 {"distance":0.000009150519872491714,"insideOther":[],"end":{"x":400.67863502383597,"y":673.3940948533864}}
PASS 1440x900.closed.glyph-clear.l4 []
PASS 1440x900.closed.leader-visible.l4 {"points":[{"x":182.57876018868794,"y":821.0257009345795},{"x":400.67863502383597,"y":673.3940948533864}]}
PASS 1440x900.closed.own-edge.l5 {"distance":0.000025431315066271054,"insideOther":[],"end":{"x":418.7948858908775,"y":735.8787485758463}}
PASS 1440x900.closed.glyph-clear.l5 []
PASS 1440x900.closed.leader-visible.l5 {"points":[{"x":437.0114309007876,"y":821.0257009345795},{"x":418.7948858908775,"y":735.8787485758463}]}
PASS 1440x900.closed.own-edge.r4 {"distance":0.000009150519872491714,"insideOther":[],"end":{"x":1039.321364976164,"y":673.3940948533864}}
PASS 1440x900.closed.glyph-clear.r4 []
PASS 1440x900.closed.leader-visible.r4 {"points":[{"x":1257.4212093175015,"y":821.0257009345795},{"x":1039.321364976164,"y":673.3940948533864}]}
PASS 1440x900.closed.own-edge.r5 {"distance":0.000025431315066271054,"insideOther":[],"end":{"x":1021.2051141091225,"y":735.8787485758463}}
PASS 1440x900.closed.glyph-clear.r5 []
PASS 1440x900.closed.leader-visible.r5 {"points":[{"x":1002.9885386054018,"y":821.0257009345795},{"x":1021.2051141091225,"y":735.8787485758463}]}
PASS 1440x900.closed.own-edge.start {"distance":0.000006036966397005017,"insideOther":[],"end":{"x":999.3955748846226,"y":351.2413643216047}}
PASS 1440x900.closed.glyph-clear.start []
PASS 1440x900.closed.leader-visible.start {"points":[{"x":856.7852321161288,"y":245.47429906542055},{"x":999.3955748846226,"y":351.2413643216047}]}
PASS 1440x900.closed.own-edge.select {"distance":0.000006036966453848436,"insideOther":[],"end":{"x":440.6044251153773,"y":351.2413643216047}}
PASS 1440x900.closed.glyph-clear.select []
PASS 1440x900.closed.leader-visible.select {"points":[{"x":583.2147678838712,"y":245.47429906542055},{"x":440.6044251153773,"y":351.2413643216047}]}
PASS 1440x900.closed.own-edge.left_pad {"distance":0.000001045773728947097,"insideOther":[],"end":{"x":423.6443165811794,"y":566.2456142389885}}
PASS 1440x900.closed.glyph-clear.left_pad []
PASS 1440x900.closed.leader-visible.left_pad {"points":[{"x":133.59409756526765,"y":683.3996324865989},{"x":423.6443165811794,"y":566.2456142389885}]}
PASS 1440x900.closed.own-edge.right_pad {"distance":0.000029471804396052903,"insideOther":[],"end":{"x":1016.3556834188206,"y":565.7867433779708}}
PASS 1440x900.closed.glyph-clear.right_pad []
PASS 1440x900.closed.leader-visible.right_pad {"points":[{"x":1305.2462380667712,"y":678.9364364006067},{"x":1016.3556834188206,"y":565.7867433779708}]}
PASS 1440x900.closed.own-edge.gyro {"distance":0.000001948941871887655,"insideOther":[],"end":{"x":720,"y":750.1609516559731}}
PASS 1440x900.closed.glyph-clear.gyro []
PASS 1440x900.closed.leader-visible.gyro {"points":[{"x":720,"y":821.0257009345795},{"x":720,"y":750.1609516559731}]}
PASS 1440x900.closed.inside-visible-pane []
PASS 1440x900.closed.labels-topmost []
PASS 1440x900.closed.labels-unwrapped []
PASS 1440x900.closed.no-page-or-pane-scroll [{"id":"HTML","width":1440,"height":900,"clientWidth":1440,"clientHeight":900,"top":0,"left":0},{"id":"BODY","width":1440,"height":900,"clientWidth":1440,"clientHeight":900,"top":0,"left":0},{"id":"tab-editor","width":1440,"height":727,"clientWidth":1440,"clientHeight":727,"top":0,"left":0},{"id":"controller-picture-scroll","width":1400,"height":642,"clientWidth":1400,"clientHeight":642,"top":0,"left":0}]
PASS 1440x900.open-btn_a.23-labels ["btn_a","btn_b","btn_x","btn_y","dpad_down","dpad_left","dpad_right","dpad_up","gyro","l1","l2","l4","l5","left_pad","left_stick","r1","r2","r4","r5","right_pad","right_stick","select","start"]
PASS 1440x900.open-btn_a.23-leaders ["btn_a","btn_b","btn_x","btn_y","dpad_down","dpad_left","dpad_right","dpad_up","gyro","l1","l2","l4","l5","left_pad","left_stick","r1","r2","r4","r5","right_pad","right_stick","select","start"]
PASS 1440x900.open-btn_a.23-shapes ["btn_a","btn_b","btn_x","btn_y","dpad_down","dpad_left","dpad_right","dpad_up","gyro","l1","l2","l4","l5","left_pad","left_stick","r1","r2","r4","r5","right_pad","right_stick","select","start"]
PASS 1440x900.open-btn_a.23-arrowheads ["btn_a","btn_b","btn_x","btn_y","dpad_down","dpad_left","dpad_right","dpad_up","gyro","l1","l2","l4","l5","left_pad","left_stick","r1","r2","r4","r5","right_pad","right_stick","select","start"]
PASS 1440x900.open-btn_a.label-overlaps []
FAIL 1440x900.open-btn_a.leader-intersections [["btn_a","btn_b"],["btn_b","btn_x"],["dpad_down","dpad_right"]]
FAIL 1440x900.open-btn_a.own-edge.btn_a {"distance":25.911804409614295,"insideOther":["btn_b"],"end":{"x":824.4787339540286,"y":464.0908305325612}}
PASS 1440x900.open-btn_a.glyph-clear.btn_a []
PASS 1440x900.open-btn_a.leader-visible.btn_a {"points":[{"x":946.7792840880397,"y":500.12582385577144},{"x":824.4787339540286,"y":464.0908305325612}]}
FAIL 1440x900.open-btn_a.own-edge.btn_b {"distance":12.090762815369104,"insideOther":[],"end":{"x":800.2975691085293,"y":484.2227222763489}}
PASS 1440x900.open-btn_a.glyph-clear.btn_b []
PASS 1440x900.open-btn_a.leader-visible.btn_b {"points":[{"x":924.7056074766356,"y":477.0201452142353},{"x":800.2975691085293,"y":484.2227222763489}]}
PASS 1440x900.open-btn_a.own-edge.btn_x {"distance":0.000010220061199106567,"insideOther":[],"end":{"x":776.11640426303,"y":465.4743347167969}}
PASS 1440x900.open-btn_a.glyph-clear.btn_x []
PASS 1440x900.open-btn_a.leader-visible.btn_x {"points":[{"x":961.5405449317624,"y":542.44284708849},{"x":776.11640426303,"y":465.4743347167969}]}
PASS 1440x900.open-btn_a.own-edge.btn_y {"distance":0.000022721810523762542,"insideOther":[],"end":{"x":800.2975691085293,"y":436.1928970954871}}
PASS 1440x900.open-btn_a.glyph-clear.btn_y []
PASS 1440x900.open-btn_a.leader-visible.btn_y {"points":[{"x":924.7056074766356,"y":432.5916085644303},{"x":800.2975691085293,"y":436.1928970954871}]}
PASS 1440x900.open-btn_a.own-edge.dpad_up {"distance":0.000001948941871887655,"insideOther":[],"end":{"x":295.51601977957375,"y":495.8862998700959}}
PASS 1440x900.open-btn_a.glyph-clear.dpad_up []
PASS 1440x900.open-btn_a.leader-visible.dpad_up {"points":[{"x":169.29439252336454,"y":481.6365422043845},{"x":295.51601977957375,"y":495.8862998700959}]}
PASS 1440x900.open-btn_a.own-edge.dpad_down {"distance":0.000001948941871887655,"insideOther":[],"end":{"x":295.51601977957375,"y":545.9845507137501}}
PASS 1440x900.open-btn_a.glyph-clear.dpad_down []
PASS 1440x900.open-btn_a.leader-visible.dpad_down {"points":[{"x":169.29439252336454,"y":554.3882484792549},{"x":295.51601977957375,"y":545.9845507137501}]}
PASS 1440x900.open-btn_a.own-edge.dpad_left {"distance":0.00000263820186319208,"insideOther":[],"end":{"x":271.9393947280456,"y":520.9219317807588}}
PASS 1440x900.open-btn_a.glyph-clear.dpad_left []
PASS 1440x900.open-btn_a.leader-visible.dpad_left {"points":[{"x":169.29439252336454,"y":518.2335974434826},{"x":271.9393947280456,"y":520.9219317807588}]}
FAIL 1440x900.open-btn_a.own-edge.dpad_right {"distance":0.0000017588012042324408,"insideOther":["dpad_down"],"end":{"x":310.62924018455817,"y":527.6743592116692}}
PASS 1440x900.open-btn_a.glyph-clear.dpad_right []
PASS 1440x900.open-btn_a.leader-visible.dpad_right {"points":[{"x":139.46553763867914,"y":587.1779685094721},{"x":310.62924018455817,"y":527.6743592116692}]}
PASS 1440x900.open-btn_a.own-edge.left_stick {"distance":0.000011313370066545758,"insideOther":[],"end":{"x":327.55604947764556,"y":454.93445404147803}}
PASS 1440x900.open-btn_a.glyph-clear.left_stick []
PASS 1440x900.open-btn_a.leader-visible.left_stick {"points":[{"x":169.29439252336454,"y":438.1952426708376},{"x":327.55604947764556,"y":454.93445404147803}]}
FAIL 1440x900.open-btn_a.own-edge.right_stick {"distance":0.000005038727863393433,"insideOther":["btn_x"],"end":{"x":754.3533985934154,"y":471.39745247624}}
FAIL 1440x900.open-btn_a.glyph-clear.right_stick ["A"]
PASS 1440x900.open-btn_a.leader-visible.right_stick {"points":[{"x":969.2376096256054,"y":584.7598398273979},{"x":754.3533985934154,"y":471.39745247624}]}
PASS 1440x900.open-btn_a.own-edge.l1 {"distance":1.3072173032924184e-7,"insideOther":[],"end":{"x":327.171400551484,"y":397.8355409022061}}
PASS 1440x900.open-btn_a.glyph-clear.l1 []
PASS 1440x900.open-btn_a.leader-visible.l1 {"points":[{"x":287.5981798974153,"y":245.47429906542055},{"x":327.171400551484,"y":397.8355409022061}]}
PASS 1440x900.open-btn_a.own-edge.r1 {"distance":1.3072173032924184e-7,"insideOther":[],"end":{"x":766.828599448516,"y":397.8355409022061}}
PASS 1440x900.open-btn_a.glyph-clear.r1 []
PASS 1440x900.open-btn_a.leader-visible.r1 {"points":[{"x":806.4018201025847,"y":245.47429906542055},{"x":766.828599448516,"y":397.8355409022061}]}
PASS 1440x900.open-btn_a.own-edge.l2 {"distance":0.000010778599403238331,"insideOther":[],"end":{"x":296.6617332292123,"y":371.23627786844315}}
PASS 1440x900.open-btn_a.glyph-clear.l2 []
PASS 1440x900.open-btn_a.leader-visible.l2 {"points":[{"x":128.24703245668027,"y":245.47429906542055},{"x":296.6617332292123,"y":371.23627786844315}]}
PASS 1440x900.open-btn_a.own-edge.r2 {"distance":0.000010778599403238331,"insideOther":[],"end":{"x":797.3382667707878,"y":371.23627786844315}}
PASS 1440x900.open-btn_a.glyph-clear.r2 []
PASS 1440x900.open-btn_a.leader-visible.r2 {"points":[{"x":965.7529599198672,"y":245.47429906542055},{"x":797.3382667707878,"y":371.23627786844315}]}
PASS 1440x900.open-btn_a.own-edge.l4 {"distance":0.0000012359143966023112,"insideOther":[],"end":{"x":334.1847940130026,"y":628.1610095062731}}
PASS 1440x900.open-btn_a.glyph-clear.l4 []
PASS 1440x900.open-btn_a.leader-visible.l4 {"points":[{"x":140.76018285899895,"y":821.0257009345795},{"x":334.1847940130026,"y":628.1610095062731}]}
PASS 1440x900.open-btn_a.own-edge.l5 {"distance":0.000005395241601036105,"insideOther":[],"end":{"x":341.2462457199334,"y":670.4780327389916}}
PASS 1440x900.open-btn_a.glyph-clear.l5 []
PASS 1440x900.open-btn_a.leader-visible.l5 {"points":[{"x":336.8062249299522,"y":821.0257009345795},{"x":341.2462457199334,"y":670.4780327389916}]}
PASS 1440x900.open-btn_a.own-edge.r4 {"distance":0.0000012359143966023112,"insideOther":[],"end":{"x":759.8152059869974,"y":628.1610095062731}}
PASS 1440x900.open-btn_a.glyph-clear.r4 []
PASS 1440x900.open-btn_a.leader-visible.r4 {"points":[{"x":953.2398247644537,"y":821.0257009345795},{"x":759.8152059869974,"y":628.1610095062731}]}
PASS 1440x900.open-btn_a.own-edge.r5 {"distance":0.000005395241601036105,"insideOther":[],"end":{"x":752.7537542800666,"y":670.4780327389916}}
PASS 1440x900.open-btn_a.glyph-clear.r5 []
PASS 1440x900.open-btn_a.leader-visible.r5 {"points":[{"x":757.1937750700479,"y":821.0257009345795},{"x":752.7537542800666,"y":670.4780327389916}]}
PASS 1440x900.open-btn_a.own-edge.start {"distance":0.000014391272202374239,"insideOther":[],"end":{"x":739.2064520339728,"y":408.1125344368528}}
PASS 1440x900.open-btn_a.glyph-clear.start []
PASS 1440x900.open-btn_a.leader-visible.start {"points":[{"x":643.5778011904328,"y":245.47429906542055},{"x":739.2064520339728,"y":408.1125344368528}]}
PASS 1440x900.open-btn_a.own-edge.select {"distance":0.000014391272202374239,"insideOther":[],"end":{"x":354.79357845983776,"y":408.1125344368528}}
PASS 1440x900.open-btn_a.glyph-clear.select []
PASS 1440x900.open-btn_a.leader-visible.select {"points":[{"x":450.4221988095673,"y":245.47429906542055},{"x":354.79357845983776,"y":408.1125344368528}]}
PASS 1440x900.open-btn_a.own-edge.left_pad {"distance":9.50703338276071e-8,"insideOther":[],"end":{"x":346.2964476588359,"y":554.5388269157054}}
PASS 1440x900.open-btn_a.glyph-clear.left_pad []
PASS 1440x900.open-btn_a.leader-visible.left_pad {"points":[{"x":137.72395988416824,"y":630.0995010423512},{"x":346.2964476588359,"y":554.5388269157054}]}
PASS 1440x900.open-btn_a.own-edge.right_pad {"distance":9.507039067102596e-8,"insideOther":[],"end":{"x":747.7035523411641,"y":554.260082993552}}
PASS 1440x900.open-btn_a.glyph-clear.right_pad []
PASS 1440x900.open-btn_a.leader-visible.right_pad {"points":[{"x":954.9831559130707,"y":627.0768630601165},{"x":747.7035523411641,"y":554.260082993552}]}
PASS 1440x900.open-btn_a.own-edge.gyro {"distance":0.000004278165192772576,"insideOther":[],"end":{"x":547,"y":680.1505169734777}}
PASS 1440x900.open-btn_a.glyph-clear.gyro []
PASS 1440x900.open-btn_a.leader-visible.gyro {"points":[{"x":547,"y":821.0257009345795},{"x":547,"y":680.1505169734777}]}
PASS 1440x900.open-btn_a.inside-visible-pane []
PASS 1440x900.open-btn_a.labels-topmost []
PASS 1440x900.open-btn_a.labels-unwrapped []
PASS 1440x900.open-btn_a.no-page-or-pane-scroll [{"id":"HTML","width":1440,"height":900,"clientWidth":1440,"clientHeight":900,"top":0,"left":0},{"id":"BODY","width":1440,"height":900,"clientWidth":1440,"clientHeight":900,"top":0,"left":0},{"id":"tab-editor","width":1440,"height":727,"clientWidth":1440,"clientHeight":727,"top":0,"left":0},{"id":"controller-picture-scroll","width":1054,"height":642,"clientWidth":1054,"clientHeight":642,"top":0,"left":0}]
PASS 1440x900.open-btn_a.card-inside-pane {"x":1090,"y":212.5,"right":1420,"bottom":854}
PASS 1440x900.open-nearest-right_pad.23-labels ["btn_a","btn_b","btn_x","btn_y","dpad_down","dpad_left","dpad_right","dpad_up","gyro","l1","l2","l4","l5","left_pad","left_stick","r1","r2","r4","r5","right_pad","right_stick","select","start"]
PASS 1440x900.open-nearest-right_pad.23-leaders ["btn_a","btn_b","btn_x","btn_y","dpad_down","dpad_left","dpad_right","dpad_up","gyro","l1","l2","l4","l5","left_pad","left_stick","r1","r2","r4","r5","right_pad","right_stick","select","start"]
PASS 1440x900.open-nearest-right_pad.23-shapes ["btn_a","btn_b","btn_x","btn_y","dpad_down","dpad_left","dpad_right","dpad_up","gyro","l1","l2","l4","l5","left_pad","left_stick","r1","r2","r4","r5","right_pad","right_stick","select","start"]
PASS 1440x900.open-nearest-right_pad.23-arrowheads ["btn_a","btn_b","btn_x","btn_y","dpad_down","dpad_left","dpad_right","dpad_up","gyro","l1","l2","l4","l5","left_pad","left_stick","r1","r2","r4","r5","right_pad","right_stick","select","start"]
PASS 1440x900.open-nearest-right_pad.label-overlaps []
FAIL 1440x900.open-nearest-right_pad.leader-intersections [["btn_a","btn_b"],["btn_b","btn_x"],["dpad_down","dpad_right"]]
FAIL 1440x900.open-nearest-right_pad.own-edge.btn_a {"distance":25.911804409614295,"insideOther":["btn_b"],"end":{"x":824.4787339540286,"y":464.0908305325612}}
PASS 1440x900.open-nearest-right_pad.glyph-clear.btn_a []
PASS 1440x900.open-nearest-right_pad.leader-visible.btn_a {"points":[{"x":946.7792840880397,"y":500.12582385577144},{"x":824.4787339540286,"y":464.0908305325612}]}
FAIL 1440x900.open-nearest-right_pad.own-edge.btn_b {"distance":12.090762815369104,"insideOther":[],"end":{"x":800.2975691085293,"y":484.2227222763489}}
PASS 1440x900.open-nearest-right_pad.glyph-clear.btn_b []
PASS 1440x900.open-nearest-right_pad.leader-visible.btn_b {"points":[{"x":924.7056074766356,"y":477.0201452142353},{"x":800.2975691085293,"y":484.2227222763489}]}
PASS 1440x900.open-nearest-right_pad.own-edge.btn_x {"distance":0.000010220061199106567,"insideOther":[],"end":{"x":776.11640426303,"y":465.4743347167969}}
PASS 1440x900.open-nearest-right_pad.glyph-clear.btn_x []
PASS 1440x900.open-nearest-right_pad.leader-visible.btn_x {"points":[{"x":961.5405449317624,"y":542.44284708849},{"x":776.11640426303,"y":465.4743347167969}]}
PASS 1440x900.open-nearest-right_pad.own-edge.btn_y {"distance":0.000022721810523762542,"insideOther":[],"end":{"x":800.2975691085293,"y":436.1928970954871}}
PASS 1440x900.open-nearest-right_pad.glyph-clear.btn_y []
PASS 1440x900.open-nearest-right_pad.leader-visible.btn_y {"points":[{"x":924.7056074766356,"y":432.5916085644303},{"x":800.2975691085293,"y":436.1928970954871}]}
PASS 1440x900.open-nearest-right_pad.own-edge.dpad_up {"distance":0.000001948941871887655,"insideOther":[],"end":{"x":295.51601977957375,"y":495.8862998700959}}
PASS 1440x900.open-nearest-right_pad.glyph-clear.dpad_up []
PASS 1440x900.open-nearest-right_pad.leader-visible.dpad_up {"points":[{"x":169.29439252336454,"y":481.6365422043845},{"x":295.51601977957375,"y":495.8862998700959}]}
PASS 1440x900.open-nearest-right_pad.own-edge.dpad_down {"distance":0.000001948941871887655,"insideOther":[],"end":{"x":295.51601977957375,"y":545.9845507137501}}
PASS 1440x900.open-nearest-right_pad.glyph-clear.dpad_down []
PASS 1440x900.open-nearest-right_pad.leader-visible.dpad_down {"points":[{"x":169.29439252336454,"y":554.3882484792549},{"x":295.51601977957375,"y":545.9845507137501}]}
PASS 1440x900.open-nearest-right_pad.own-edge.dpad_left {"distance":0.00000263820186319208,"insideOther":[],"end":{"x":271.9393947280456,"y":520.9219317807588}}
PASS 1440x900.open-nearest-right_pad.glyph-clear.dpad_left []
PASS 1440x900.open-nearest-right_pad.leader-visible.dpad_left {"points":[{"x":169.29439252336454,"y":518.2335974434826},{"x":271.9393947280456,"y":520.9219317807588}]}
FAIL 1440x900.open-nearest-right_pad.own-edge.dpad_right {"distance":0.0000017588012042324408,"insideOther":["dpad_down"],"end":{"x":310.62924018455817,"y":527.6743592116692}}
PASS 1440x900.open-nearest-right_pad.glyph-clear.dpad_right []
PASS 1440x900.open-nearest-right_pad.leader-visible.dpad_right {"points":[{"x":139.46553763867914,"y":587.1779685094721},{"x":310.62924018455817,"y":527.6743592116692}]}
PASS 1440x900.open-nearest-right_pad.own-edge.left_stick {"distance":0.000011313370066545758,"insideOther":[],"end":{"x":327.55604947764556,"y":454.93445404147803}}
PASS 1440x900.open-nearest-right_pad.glyph-clear.left_stick []
PASS 1440x900.open-nearest-right_pad.leader-visible.left_stick {"points":[{"x":169.29439252336454,"y":438.1952426708376},{"x":327.55604947764556,"y":454.93445404147803}]}
FAIL 1440x900.open-nearest-right_pad.own-edge.right_stick {"distance":0.000005038727863393433,"insideOther":["btn_x"],"end":{"x":754.3533985934154,"y":471.39745247624}}
FAIL 1440x900.open-nearest-right_pad.glyph-clear.right_stick ["A"]
PASS 1440x900.open-nearest-right_pad.leader-visible.right_stick {"points":[{"x":969.2376096256054,"y":584.7598398273979},{"x":754.3533985934154,"y":471.39745247624}]}
PASS 1440x900.open-nearest-right_pad.own-edge.l1 {"distance":1.3072173032924184e-7,"insideOther":[],"end":{"x":327.171400551484,"y":397.8355409022061}}
PASS 1440x900.open-nearest-right_pad.glyph-clear.l1 []
PASS 1440x900.open-nearest-right_pad.leader-visible.l1 {"points":[{"x":287.5981798974153,"y":245.47429906542055},{"x":327.171400551484,"y":397.8355409022061}]}
PASS 1440x900.open-nearest-right_pad.own-edge.r1 {"distance":1.3072173032924184e-7,"insideOther":[],"end":{"x":766.828599448516,"y":397.8355409022061}}
PASS 1440x900.open-nearest-right_pad.glyph-clear.r1 []
PASS 1440x900.open-nearest-right_pad.leader-visible.r1 {"points":[{"x":806.4018201025847,"y":245.47429906542055},{"x":766.828599448516,"y":397.8355409022061}]}
PASS 1440x900.open-nearest-right_pad.own-edge.l2 {"distance":0.000010778599403238331,"insideOther":[],"end":{"x":296.6617332292123,"y":371.23627786844315}}
PASS 1440x900.open-nearest-right_pad.glyph-clear.l2 []
PASS 1440x900.open-nearest-right_pad.leader-visible.l2 {"points":[{"x":128.24703245668027,"y":245.47429906542055},{"x":296.6617332292123,"y":371.23627786844315}]}
PASS 1440x900.open-nearest-right_pad.own-edge.r2 {"distance":0.000010778599403238331,"insideOther":[],"end":{"x":797.3382667707878,"y":371.23627786844315}}
PASS 1440x900.open-nearest-right_pad.glyph-clear.r2 []
PASS 1440x900.open-nearest-right_pad.leader-visible.r2 {"points":[{"x":965.7529599198672,"y":245.47429906542055},{"x":797.3382667707878,"y":371.23627786844315}]}
PASS 1440x900.open-nearest-right_pad.own-edge.l4 {"distance":0.0000012359143966023112,"insideOther":[],"end":{"x":334.1847940130026,"y":628.1610095062731}}
PASS 1440x900.open-nearest-right_pad.glyph-clear.l4 []
PASS 1440x900.open-nearest-right_pad.leader-visible.l4 {"points":[{"x":140.76018285899895,"y":821.0257009345795},{"x":334.1847940130026,"y":628.1610095062731}]}
PASS 1440x900.open-nearest-right_pad.own-edge.l5 {"distance":0.000005395241601036105,"insideOther":[],"end":{"x":341.2462457199334,"y":670.4780327389916}}
PASS 1440x900.open-nearest-right_pad.glyph-clear.l5 []
PASS 1440x900.open-nearest-right_pad.leader-visible.l5 {"points":[{"x":336.8062249299522,"y":821.0257009345795},{"x":341.2462457199334,"y":670.4780327389916}]}
PASS 1440x900.open-nearest-right_pad.own-edge.r4 {"distance":0.0000012359143966023112,"insideOther":[],"end":{"x":759.8152059869974,"y":628.1610095062731}}
PASS 1440x900.open-nearest-right_pad.glyph-clear.r4 []
PASS 1440x900.open-nearest-right_pad.leader-visible.r4 {"points":[{"x":953.2398247644537,"y":821.0257009345795},{"x":759.8152059869974,"y":628.1610095062731}]}
PASS 1440x900.open-nearest-right_pad.own-edge.r5 {"distance":0.000005395241601036105,"insideOther":[],"end":{"x":752.7537542800666,"y":670.4780327389916}}
PASS 1440x900.open-nearest-right_pad.glyph-clear.r5 []
PASS 1440x900.open-nearest-right_pad.leader-visible.r5 {"points":[{"x":757.1937750700479,"y":821.0257009345795},{"x":752.7537542800666,"y":670.4780327389916}]}
PASS 1440x900.open-nearest-right_pad.own-edge.start {"distance":0.000014391272202374239,"insideOther":[],"end":{"x":739.2064520339728,"y":408.1125344368528}}
PASS 1440x900.open-nearest-right_pad.glyph-clear.start []
PASS 1440x900.open-nearest-right_pad.leader-visible.start {"points":[{"x":643.5778011904328,"y":245.47429906542055},{"x":739.2064520339728,"y":408.1125344368528}]}
PASS 1440x900.open-nearest-right_pad.own-edge.select {"distance":0.000014391272202374239,"insideOther":[],"end":{"x":354.79357845983776,"y":408.1125344368528}}
PASS 1440x900.open-nearest-right_pad.glyph-clear.select []
PASS 1440x900.open-nearest-right_pad.leader-visible.select {"points":[{"x":450.4221988095673,"y":245.47429906542055},{"x":354.79357845983776,"y":408.1125344368528}]}
PASS 1440x900.open-nearest-right_pad.own-edge.left_pad {"distance":9.50703338276071e-8,"insideOther":[],"end":{"x":346.2964476588359,"y":554.5388269157054}}
PASS 1440x900.open-nearest-right_pad.glyph-clear.left_pad []
PASS 1440x900.open-nearest-right_pad.leader-visible.left_pad {"points":[{"x":137.72395988416824,"y":630.0995010423512},{"x":346.2964476588359,"y":554.5388269157054}]}
PASS 1440x900.open-nearest-right_pad.own-edge.right_pad {"distance":9.507039067102596e-8,"insideOther":[],"end":{"x":747.7035523411641,"y":554.260082993552}}
PASS 1440x900.open-nearest-right_pad.glyph-clear.right_pad []
PASS 1440x900.open-nearest-right_pad.leader-visible.right_pad {"points":[{"x":954.9831559130707,"y":627.0768630601165},{"x":747.7035523411641,"y":554.260082993552}]}
PASS 1440x900.open-nearest-right_pad.own-edge.gyro {"distance":0.000004278165192772576,"insideOther":[],"end":{"x":547,"y":680.1505169734777}}
PASS 1440x900.open-nearest-right_pad.glyph-clear.gyro []
PASS 1440x900.open-nearest-right_pad.leader-visible.gyro {"points":[{"x":547,"y":821.0257009345795},{"x":547,"y":680.1505169734777}]}
PASS 1440x900.open-nearest-right_pad.inside-visible-pane []
PASS 1440x900.open-nearest-right_pad.labels-topmost []
PASS 1440x900.open-nearest-right_pad.labels-unwrapped []
PASS 1440x900.open-nearest-right_pad.no-page-or-pane-scroll [{"id":"HTML","width":1440,"height":900,"clientWidth":1440,"clientHeight":900,"top":0,"left":0},{"id":"BODY","width":1440,"height":900,"clientWidth":1440,"clientHeight":900,"top":0,"left":0},{"id":"tab-editor","width":1440,"height":727,"clientWidth":1440,"clientHeight":727,"top":0,"left":0},{"id":"controller-picture-scroll","width":1054,"height":642,"clientWidth":1054,"clientHeight":642,"top":0,"left":0}]
PASS 1440x900.open-nearest-right_pad.card-inside-pane {"x":1090,"y":212.5,"right":1420,"bottom":854}
PASS 1440x900.drill.btn_a {"title":"A","hidden":false,"rows":["BTN_A","BTN_A_LAYER_2"]}
PASS 1440x900.drill.btn_b {"title":"B","hidden":false,"rows":["BTN_B","BTN_B_LAYER_2"]}
PASS 1440x900.drill.btn_x {"title":"X","hidden":false,"rows":["BTN_X","BTN_X_LAYER_2"]}
PASS 1440x900.drill.btn_y {"title":"Y","hidden":false,"rows":["BTN_Y","BTN_Y_LAYER_2"]}
PASS 1440x900.drill.dpad_up {"title":"D-pad Up","hidden":false,"rows":["DPAD_UP","DPAD_UP_LONG_PRESS"]}
PASS 1440x900.drill.dpad_down {"title":"D-pad Down","hidden":false,"rows":["DPAD_DOWN","DPAD_DOWN_LONG_PRESS"]}
PASS 1440x900.drill.dpad_left {"title":"D-pad Left","hidden":false,"rows":["DPAD_LEFT","DPAD_LEFT_LONG_PRESS"]}
PASS 1440x900.drill.dpad_right {"title":"D-pad Right","hidden":false,"rows":["DPAD_RIGHT","DPAD_RIGHT_LONG_PRESS"]}
PASS 1440x900.drill.left_stick {"title":"Left stick","hidden":false,"rows":["LEFT_STICK_CLICK_L3","L_STICK_UP","L_STICK_DOWN","L_STICK_LEFT","L_STICK_RIGHT","L_STICK_X_AXIS","L_STICK_Y_AXIS"]}
PASS 1440x900.drill.right_stick {"title":"Right stick","hidden":false,"rows":["RIGHT_STICK_CLICK_R3","R_STICK_UP","R_STICK_DOWN","R_STICK_LEFT","R_STICK_RIGHT","R_STICK_X_AXIS","R_STICK_Y_AXIS"]}
PASS 1440x900.drill.l1 {"title":"L1","hidden":false,"rows":["L1","L1_LAYER_2"]}
PASS 1440x900.drill.r1 {"title":"R1","hidden":false,"rows":["R1","R1_LAYER_2"]}
PASS 1440x900.drill.l2 {"title":"L2","hidden":false,"rows":["L2_SOFT","L2_FULL","L2_SOFT_LAYER_2","L2_FULL_LAYER_2","L_TRIGGER_PRESSURE"]}
PASS 1440x900.drill.r2 {"title":"R2","hidden":false,"rows":["R2_SOFT","R2_FULL","R2_SOFT_LAYER_2","R2_FULL_LAYER_2","R_TRIGGER_PRESSURE"]}
PASS 1440x900.drill.l4 {"title":"L4","hidden":false,"rows":["L4"]}
PASS 1440x900.drill.l5 {"title":"L5","hidden":false,"rows":["L5"]}
PASS 1440x900.drill.r4 {"title":"R4","hidden":false,"rows":["R4"]}
PASS 1440x900.drill.r5 {"title":"R5","hidden":false,"rows":["R5"]}
PASS 1440x900.drill.start {"title":"START","hidden":false,"rows":["START"]}
PASS 1440x900.drill.select {"title":"SELECT","hidden":false,"rows":["SELECT"]}
PASS 1440x900.drill.left_pad {"title":"Left trackpad","hidden":false,"rows":["L_PAD_UP","L_PAD_DOWN","L_PAD_LEFT","L_PAD_RIGHT","L_PAD_UP_LONG_PRESS","L_PAD_DOWN_LONG_PRESS","L_PAD_LEFT_LONG_PRESS","L_PAD_RIGHT_LONG_PRESS","L_PAD_X_POS","L_PAD_Y_POS"]}
PASS 1440x900.drill.right_pad {"title":"Right trackpad","hidden":false,"rows":["R_PAD_UP","R_PAD_DOWN","R_PAD_LEFT","R_PAD_RIGHT","R_PAD_UP_LONG_PRESS","R_PAD_DOWN_LONG_PRESS","R_PAD_LEFT_LONG_PRESS","R_PAD_RIGHT_LONG_PRESS","R_PAD_X_POS","R_PAD_Y_POS"]}
PASS 1440x900.drill.gyro {"title":"Gyro","hidden":false,"rows":["GYRO_FORWARD","GYRO_BACKWARD","GYRO_PITCH","GYRO_YAW","GYRO_ROLL"]}
PASS 1920x1080.closed.23-labels ["btn_a","btn_b","btn_x","btn_y","dpad_down","dpad_left","dpad_right","dpad_up","gyro","l1","l2","l4","l5","left_pad","left_stick","r1","r2","r4","r5","right_pad","right_stick","select","start"]
PASS 1920x1080.closed.23-leaders ["btn_a","btn_b","btn_x","btn_y","dpad_down","dpad_left","dpad_right","dpad_up","gyro","l1","l2","l4","l5","left_pad","left_stick","r1","r2","r4","r5","right_pad","right_stick","select","start"]
PASS 1920x1080.closed.23-shapes ["btn_a","btn_b","btn_x","btn_y","dpad_down","dpad_left","dpad_right","dpad_up","gyro","l1","l2","l4","l5","left_pad","left_stick","r1","r2","r4","r5","right_pad","right_stick","select","start"]
PASS 1920x1080.closed.23-arrowheads ["btn_a","btn_b","btn_x","btn_y","dpad_down","dpad_left","dpad_right","dpad_up","gyro","l1","l2","l4","l5","left_pad","left_stick","r1","r2","r4","r5","right_pad","right_stick","select","start"]
PASS 1920x1080.closed.label-overlaps []
FAIL 1920x1080.closed.leader-intersections [["btn_a","btn_b"],["btn_b","btn_x"],["dpad_down","dpad_right"]]
FAIL 1920x1080.closed.own-edge.btn_a {"distance":51.311610251155464,"insideOther":["btn_b"],"end":{"x":1511.9939889281336,"y":486.33498028014986}}
PASS 1920x1080.closed.glyph-clear.btn_a []
PASS 1920x1080.closed.leader-visible.btn_a {"points":[{"x":1777.168407876416,"y":572.1810766252578},{"x":1511.9939889281336,"y":486.33498028014986}]}
FAIL 1920x1080.closed.own-edge.btn_b {"distance":23.93872703851992,"insideOther":["btn_a"],"end":{"x":1463.8899663103757,"y":525.6048411719701}}
PASS 1920x1080.closed.glyph-clear.btn_b []
PASS 1920x1080.closed.leader-visible.btn_b {"points":[{"x":1750.5188564476884,"y":507.578184791435},{"x":1463.8899663103757,"y":525.6048411719701}]}
PASS 1920x1080.closed.own-edge.btn_x {"distance":0.0000550207430478622,"insideOther":[],"end":{"x":1415.785943692618,"y":489.1497038866772}}
PASS 1920x1080.closed.glyph-clear.btn_x []
PASS 1920x1080.closed.leader-visible.btn_x {"points":[{"x":1789.9318797164879,"y":656.3631772043641},{"x":1415.785943692618,"y":489.1497038866772}]}
PASS 1920x1080.closed.own-edge.btn_y {"distance":0.00004833806178794475,"insideOther":[],"end":{"x":1463.8899663103757,"y":430.11526123566637}}
PASS 1920x1080.closed.glyph-clear.btn_y []
PASS 1920x1080.closed.leader-visible.btn_y {"points":[{"x":1750.5188564476884,"y":421.1019330453988},{"x":1463.8899663103757,"y":430.11526123566637}]}
PASS 1920x1080.closed.own-edge.dpad_up {"distance":0.000011286306346391939,"insideOther":[],"end":{"x":459.7178231863499,"y":548.7341352773699}}
PASS 1920x1080.closed.glyph-clear.dpad_up []
PASS 1920x1080.closed.leader-visible.dpad_up {"points":[{"x":169.48114355231138,"y":513.1396801987994},{"x":459.7178231863499,"y":548.7341352773699}]}
PASS 1920x1080.closed.own-edge.dpad_down {"distance":0.000011286306346391939,"insideOther":[],"end":{"x":459.7178231863499,"y":648.6936813688626}}
PASS 1920x1080.closed.glyph-clear.dpad_down []
PASS 1920x1080.closed.leader-visible.dpad_down {"points":[{"x":169.48114355231138,"y":669.6852995044123},{"x":459.7178231863499,"y":648.6936813688626}]}
PASS 1920x1080.closed.own-edge.dpad_left {"distance":0.0000010024021435128816,"insideOther":[],"end":{"x":412.816376734824,"y":598.6788649547419}}
PASS 1920x1080.closed.glyph-clear.dpad_left []
PASS 1920x1080.closed.leader-visible.dpad_left {"points":[{"x":169.48114355231138,"y":591.6765655740335},{"x":412.816376734824,"y":598.6788649547419}]}
FAIL 1920x1080.closed.own-edge.dpad_right {"distance":3.898230147569848e-7,"insideOther":["dpad_down"],"end":{"x":489.78286782146364,"y":613.1519590874368}}
PASS 1920x1080.closed.glyph-clear.dpad_right []
PASS 1920x1080.closed.leader-visible.dpad_right {"points":[{"x":136.5764194915474,"y":745.3556739454432},{"x":489.78286782146364,"y":613.1519590874368}]}
PASS 1920x1080.closed.own-edge.left_stick {"distance":0.000013476740605256055,"insideOther":[],"end":{"x":523.4557019533031,"y":467.078085126668}}
PASS 1920x1080.closed.glyph-clear.left_stick []
PASS 1920x1080.closed.leader-visible.left_stick {"points":[{"x":169.48114355231138,"y":427.05639301309327},{"x":523.4557019533031,"y":467.078085126668}]}
PASS 1920x1080.closed.own-edge.right_stick {"distance":0.000038239787727434305,"insideOther":[],"end":{"x":1372.4922257397877,"y":501.9968955232569}}
FAIL 1920x1080.closed.glyph-clear.right_stick ["A"]
PASS 1920x1080.closed.leader-visible.right_stick {"points":[{"x":1796.8095296223958,"y":740.5452472844553},{"x":1372.4922257397877,"y":501.9968955232569}]}
PASS 1920x1080.closed.own-edge.l1 {"distance":0.00001312404367581621,"insideOther":[],"end":{"x":522.647386555544,"y":353.8672964462688}}
PASS 1920x1080.closed.glyph-clear.l1 []
PASS 1920x1080.closed.leader-visible.l1 {"points":[{"x":494.2179126043389,"y":245.47992700729927},{"x":522.647386555544,"y":353.8672964462688}]}
PASS 1920x1080.closed.own-edge.r1 {"distance":0.00001312404367581621,"insideOther":[],"end":{"x":1397.3525829454409,"y":353.8672964462688}}
PASS 1920x1080.closed.glyph-clear.r1 []
PASS 1920x1080.closed.leader-visible.r1 {"points":[{"x":1425.7820568966458,"y":245.47992700729927},{"x":1397.3525829454409,"y":353.8672964462688}]}
PASS 1920x1080.closed.own-edge.l2 {"distance":0.000010358156032452825,"insideOther":[],"end":{"x":436.8683880437029,"y":306.71666541644834}}
PASS 1920x1080.closed.glyph-clear.l2 []
PASS 1920x1080.closed.leader-visible.l2 {"points":[{"x":228.22055398054653,"y":245.47992700729927},{"x":436.8683880437029,"y":306.71666541644834}]}
PASS 1920x1080.closed.own-edge.r2 {"distance":0.000040838608128979104,"insideOther":[],"end":{"x":1483.1315509582669,"y":306.71666541644834}}
PASS 1920x1080.closed.glyph-clear.r2 []
PASS 1920x1080.closed.leader-visible.r2 {"points":[{"x":1691.7794612689609,"y":245.47992700729927},{"x":1483.1315509582669,"y":306.71666541644834}]}
PASS 1920x1080.closed.own-edge.l4 {"distance":0.000012325834404691705,"insideOther":[],"end":{"x":528.4720274653747,"y":812.0584229703657}}
PASS 1920x1080.closed.glyph-clear.l4 []
PASS 1920x1080.closed.leader-visible.l4 {"points":[{"x":231.97906961000163,"y":1001.0200729927008},{"x":528.4720274653747,"y":812.0584229703657}]}
PASS 1920x1080.closed.own-edge.l5 {"distance":0.000016001309177227085,"insideOther":[],"end":{"x":554.6763237723468,"y":896.2405235494721}}
PASS 1920x1080.closed.glyph-clear.l5 []
PASS 1920x1080.closed.leader-visible.l5 {"points":[{"x":580.529850906409,"y":1001.0200729927008},{"x":554.6763237723468,"y":896.2405235494721}]}
PASS 1920x1080.closed.own-edge.r4 {"distance":0.000012325834404691705,"insideOther":[],"end":{"x":1391.5280030336403,"y":812.0584229703657}}
PASS 1920x1080.closed.glyph-clear.r4 []
PASS 1920x1080.closed.leader-visible.r4 {"points":[{"x":1688.0208846414755,"y":1001.0200729927008},{"x":1391.5280030336403,"y":812.0584229703657}]}
PASS 1920x1080.closed.own-edge.r5 {"distance":0.000016001309177227085,"insideOther":[],"end":{"x":1365.3237372256833,"y":896.2405235494721}}
PASS 1920x1080.closed.glyph-clear.r5 []
PASS 1920x1080.closed.leader-visible.r5 {"points":[{"x":1339.470210091621,"y":1001.0200729927008},{"x":1365.3237372256833,"y":896.2405235494721}]}
PASS 1920x1080.closed.own-edge.start {"distance":0.000024206156922446098,"insideOther":[],"end":{"x":1336.4142087764694,"y":378.99435228965}}
PASS 1920x1080.closed.glyph-clear.start []
PASS 1920x1080.closed.leader-visible.start {"points":[{"x":1138.7633893460834,"y":245.47992700729927},{"x":1336.4142087764694,"y":378.99435228965}]}
PASS 1920x1080.closed.own-edge.select {"distance":0.000024206156922446098,"insideOther":[],"end":{"x":583.5857912235306,"y":378.99435228965}}
PASS 1920x1080.closed.glyph-clear.select []
PASS 1920x1080.closed.leader-visible.select {"points":[{"x":781.2365496558864,"y":245.47992700729927},{"x":583.5857912235306,"y":378.99435228965}]}
PASS 1920x1080.closed.own-edge.left_pad {"distance":0.000027955883524555247,"insideOther":[],"end":{"x":560.7363560808835,"y":666.7738025229053}}
PASS 1920x1080.closed.glyph-clear.left_pad []
PASS 1920x1080.closed.leader-visible.left_pad {"points":[{"x":135.41147148522143,"y":830.7403506907814},{"x":560.7363560808835,"y":666.7738025229053}]}
PASS 1920x1080.closed.own-edge.right_pad {"distance":0.00003304214669697103,"insideOther":[],"end":{"x":1359.2637049171467,"y":666.183738077354}}
PASS 1920x1080.closed.glyph-clear.right_pad []
PASS 1920x1080.closed.leader-visible.right_pad {"points":[{"x":1783.373371504809,"y":824.7273478635616},{"x":1359.2637049171467,"y":666.183738077354}]}
PASS 1920x1080.closed.own-edge.gyro {"distance":0.000008501855745635112,"insideOther":[],"end":{"x":959.9999999999999,"y":915.482108197363}}
PASS 1920x1080.closed.glyph-clear.gyro []
PASS 1920x1080.closed.leader-visible.gyro {"points":[{"x":959.9999999999999,"y":1001.0200729927008},{"x":959.9999999999999,"y":915.482108197363}]}
PASS 1920x1080.closed.inside-visible-pane []
PASS 1920x1080.closed.labels-topmost []
PASS 1920x1080.closed.labels-unwrapped []
PASS 1920x1080.closed.no-page-or-pane-scroll [{"id":"HTML","width":1920,"height":1080,"clientWidth":1920,"clientHeight":1080,"top":0,"left":0},{"id":"BODY","width":1920,"height":1080,"clientWidth":1920,"clientHeight":1080,"top":0,"left":0},{"id":"tab-editor","width":1920,"height":907,"clientWidth":1920,"clientHeight":907,"top":0,"left":0},{"id":"controller-picture-scroll","width":1880,"height":822,"clientWidth":1880,"clientHeight":822,"top":0,"left":0}]
PASS 1920x1080.open-btn_a.23-labels ["btn_a","btn_b","btn_x","btn_y","dpad_down","dpad_left","dpad_right","dpad_up","gyro","l1","l2","l4","l5","left_pad","left_stick","r1","r2","r4","r5","right_pad","right_stick","select","start"]
PASS 1920x1080.open-btn_a.23-leaders ["btn_a","btn_b","btn_x","btn_y","dpad_down","dpad_left","dpad_right","dpad_up","gyro","l1","l2","l4","l5","left_pad","left_stick","r1","r2","r4","r5","right_pad","right_stick","select","start"]
PASS 1920x1080.open-btn_a.23-shapes ["btn_a","btn_b","btn_x","btn_y","dpad_down","dpad_left","dpad_right","dpad_up","gyro","l1","l2","l4","l5","left_pad","left_stick","r1","r2","r4","r5","right_pad","right_stick","select","start"]
PASS 1920x1080.open-btn_a.23-arrowheads ["btn_a","btn_b","btn_x","btn_y","dpad_down","dpad_left","dpad_right","dpad_up","gyro","l1","l2","l4","l5","left_pad","left_stick","r1","r2","r4","r5","right_pad","right_stick","select","start"]
PASS 1920x1080.open-btn_a.label-overlaps []
FAIL 1920x1080.open-btn_a.leader-intersections [["btn_a","btn_b"],["btn_b","btn_x"],["dpad_down","dpad_right"]]
FAIL 1920x1080.open-btn_a.own-edge.btn_a {"distance":42.5961053636033,"insideOther":[],"end":{"x":1248.0144508528883,"y":509.66102353209703}}
PASS 1920x1080.open-btn_a.glyph-clear.btn_a []
PASS 1920x1080.open-btn_a.leader-visible.btn_a {"points":[{"x":1436.3444052740315,"y":578.1274696034527},{"x":1248.0144508528883,"y":509.66102353209703}]}
FAIL 1920x1080.open-btn_a.own-edge.btn_b {"distance":19.866714690962606,"insideOther":["btn_a"],"end":{"x":1207.8388302099966,"y":541.5716550692445}}
PASS 1920x1080.open-btn_a.glyph-clear.btn_b []
PASS 1920x1080.open-btn_a.leader-visible.btn_b {"points":[{"x":1404.6240875912408,"y":527.8851915345574},{"x":1207.8388302099966,"y":541.5716550692445}]}
PASS 1920x1080.open-btn_a.own-edge.btn_x {"distance":0.000001485040229454171,"insideOther":[],"end":{"x":1167.6633315631652,"y":512.0447655559456}}
PASS 1920x1080.open-btn_a.glyph-clear.btn_x []
PASS 1920x1080.open-btn_a.leader-visible.btn_x {"points":[{"x":1446.8893787541817,"y":648.4346837324528},{"x":1167.6633315631652,"y":512.0447655559456}]}
PASS 1920x1080.open-btn_a.own-edge.btn_y {"distance":0.00003697750344144879,"insideOther":[],"end":{"x":1207.8388302099966,"y":461.88417909905274}}
PASS 1920x1080.open-btn_a.glyph-clear.btn_y []
PASS 1920x1080.open-btn_a.leader-visible.btn_y {"points":[{"x":1404.6240875912408,"y":455.04096258121683},{"x":1207.8388302099966,"y":461.88417909905274}]}
PASS 1920x1080.open-btn_a.own-edge.dpad_up {"distance":0.0000035826596445076575,"insideOther":[],"end":{"x":369.17431998890964,"y":560.8072009121415}}
PASS 1920x1080.open-btn_a.glyph-clear.dpad_up []
PASS 1920x1080.open-btn_a.leader-visible.dpad_up {"points":[{"x":169.37591240875906,"y":533.7099544404487},{"x":369.17431998890964,"y":560.8072009121415}]}
PASS 1920x1080.open-btn_a.own-edge.dpad_down {"distance":0.0000035826596445076575,"insideOther":[],"end":{"x":369.17431998890964,"y":644.6230998166866}}
PASS 1920x1080.open-btn_a.glyph-clear.dpad_down []
PASS 1920x1080.open-btn_a.leader-visible.dpad_down {"points":[{"x":169.37591240875906,"y":660.603516274705},{"x":369.17431998890964,"y":644.6230998166866}]}
PASS 1920x1080.open-btn_a.own-edge.dpad_left {"distance":0.00001059947504700176,"insideOther":[],"end":{"x":330.0031539100219,"y":602.6753643991883}}
PASS 1920x1080.open-btn_a.glyph-clear.dpad_left []
PASS 1920x1080.open-btn_a.leader-visible.dpad_left {"points":[{"x":169.37591240875906,"y":597.4846760176683},{"x":330.0031539100219,"y":602.6753643991883}]}
FAIL 1920x1080.open-btn_a.own-edge.dpad_right {"distance":0.000010042584960956447,"insideOther":["dpad_down"],"end":{"x":394.28403714219434,"y":615.8994323656216}}
PASS 1920x1080.open-btn_a.glyph-clear.dpad_right []
PASS 1920x1080.open-btn_a.leader-visible.dpad_right {"points":[{"x":133.06542432743262,"y":722.759441626333},{"x":394.28403714219434,"y":615.8994323656216}]}
PASS 1920x1080.open-btn_a.own-edge.left_stick {"distance":0.000013625244662307523,"insideOther":[],"end":{"x":422.4069044943853,"y":492.41389147904664}}
PASS 1920x1080.open-btn_a.glyph-clear.left_stick []
PASS 1920x1080.open-btn_a.leader-visible.left_stick {"points":[{"x":169.37591240875906,"y":461.4357520797247},{"x":422.4069044943853,"y":492.41389147904664}]}
PASS 1920x1080.open-btn_a.own-edge.right_stick {"distance":0.00003616073126977426,"insideOther":[],"end":{"x":1131.5052851841688,"y":523.8890885773076}}
PASS 1920x1080.open-btn_a.glyph-clear.right_stick []
PASS 1920x1080.open-btn_a.leader-visible.right_stick {"points":[{"x":1452.8566940567498,"y":718.7418673624377},{"x":1131.5052851841688,"y":523.8890885773076}]}
PASS 1920x1080.open-btn_a.own-edge.l1 {"distance":0.0000019305523437651573,"insideOther":[],"end":{"x":423.7430663468483,"y":398.2669391864117}}
PASS 1920x1080.open-btn_a.glyph-clear.l1 []
PASS 1920x1080.open-btn_a.leader-visible.l1 {"points":[{"x":405.52112477249176,"y":245.47992700729927},{"x":423.7430663468483,"y":398.2669391864117}]}
PASS 1920x1080.open-btn_a.own-edge.r1 {"distance":0.0000019305523437651573,"insideOther":[],"end":{"x":1150.2569336531515,"y":398.2669391864117}}
PASS 1920x1080.open-btn_a.glyph-clear.r1 []
PASS 1920x1080.open-btn_a.leader-visible.r1 {"points":[{"x":1168.478875227508,"y":245.47992700729927},{"x":1150.2569336531515,"y":398.2669391864117}]}
PASS 1920x1080.open-btn_a.own-edge.l2 {"distance":0.00001676239236303445,"insideOther":[],"end":{"x":363.7580608915528,"y":354.07383577667014}}
PASS 1920x1080.open-btn_a.glyph-clear.l2 []
PASS 1920x1080.open-btn_a.leader-visible.l2 {"points":[{"x":174.3666949956666,"y":245.47992700729927},{"x":363.7580608915528,"y":354.07383577667014}]}
PASS 1920x1080.open-btn_a.own-edge.r2 {"distance":0.00001676239236303445,"insideOther":[],"end":{"x":1210.241908609432,"y":354.07383577667014}}
PASS 1920x1080.open-btn_a.glyph-clear.r2 []
PASS 1920x1080.open-btn_a.leader-visible.r2 {"points":[{"x":1399.633350752856,"y":245.47992700729927},{"x":1210.241908609432,"y":354.07383577667014}]}
PASS 1920x1080.open-btn_a.own-edge.l4 {"distance":0.000028995411867072107,"insideOther":[],"end":{"x":432.25491448098427,"y":780.9389968834944}}
PASS 1920x1080.open-btn_a.glyph-clear.l4 []
PASS 1920x1080.open-btn_a.leader-visible.l4 {"points":[{"x":190.25698686400173,"y":1001.0200729927008},{"x":432.25491448098427,"y":780.9389968834944}]}
PASS 1920x1080.open-btn_a.own-edge.l5 {"distance":0.00002569119715190027,"insideOther":[],"end":{"x":447.88535474048615,"y":851.2462415115097}}
PASS 1920x1080.open-btn_a.glyph-clear.l5 []
PASS 1920x1080.open-btn_a.leader-visible.l5 {"points":[{"x":477.42953719535876,"y":1001.0200729927008},{"x":447.88535474048615,"y":851.2462415115097}]}
PASS 1920x1080.open-btn_a.own-edge.r4 {"distance":0.000028995411867072107,"insideOther":[],"end":{"x":1141.745146517046,"y":780.9389968834944}}
PASS 1920x1080.open-btn_a.glyph-clear.r4 []
PASS 1920x1080.open-btn_a.leader-visible.r4 {"points":[{"x":1383.7429978864905,"y":1001.0200729927008},{"x":1141.745146517046,"y":780.9389968834944}]}
PASS 1920x1080.open-btn_a.own-edge.r5 {"distance":0.00002569119715190027,"insideOther":[],"end":{"x":1126.1146452595137,"y":851.2462415115097}}
PASS 1920x1080.open-btn_a.glyph-clear.r5 []
PASS 1920x1080.open-btn_a.leader-visible.r5 {"points":[{"x":1096.5704933036561,"y":1001.0200729927008},{"x":1126.1146452595137,"y":851.2462415115097}]}
PASS 1920x1080.open-btn_a.own-edge.start {"distance":0.0000570255474485748,"insideOther":[],"end":{"x":1101.373600201015,"y":415.448650852027}}
PASS 1920x1080.open-btn_a.glyph-clear.start []
PASS 1920x1080.open-btn_a.leader-visible.start {"points":[{"x":929.8808710696923,"y":245.47992700729927},{"x":1101.373600201015,"y":415.448650852027}]}
PASS 1920x1080.open-btn_a.own-edge.select {"distance":0.000003972482886638318,"insideOther":[],"end":{"x":472.6263388009546,"y":415.448650852027}}
PASS 1920x1080.open-btn_a.glyph-clear.select []
PASS 1920x1080.open-btn_a.leader-visible.select {"points":[{"x":644.1191289303076,"y":245.47992700729927},{"x":472.6263388009546,"y":415.448650852027}]}
PASS 1920x1080.open-btn_a.own-edge.left_pad {"distance":0.000014312075791167445,"insideOther":[],"end":{"x":453.54295254449767,"y":660.8454954606773}}
PASS 1920x1080.open-btn_a.glyph-clear.left_pad []
PASS 1920x1080.open-btn_a.leader-visible.left_pad {"points":[{"x":132.540345658351,"y":794.0710188222918},{"x":453.54295254449767,"y":660.8454954606773}]}
PASS 1920x1080.open-btn_a.own-edge.right_pad {"distance":0.00004670451721722202,"insideOther":[],"end":{"x":1120.4570779545172,"y":660.3149650926428}}
PASS 1920x1080.open-btn_a.glyph-clear.right_pad []
PASS 1920x1080.open-btn_a.leader-visible.right_pad {"points":[{"x":1440.330870542503,"y":789.049111990453},{"x":1120.4570779545172,"y":660.3149650926428}]}
PASS 1920x1080.open-btn_a.own-edge.gyro {"distance":0.00001028390408919222,"insideOther":[],"end":{"x":786.9999999999999,"y":867.3164775690603}}
PASS 1920x1080.open-btn_a.glyph-clear.gyro []
PASS 1920x1080.open-btn_a.leader-visible.gyro {"points":[{"x":786.9999999999999,"y":1001.0200729927008},{"x":786.9999999999999,"y":867.3164775690603}]}
PASS 1920x1080.open-btn_a.inside-visible-pane []
PASS 1920x1080.open-btn_a.labels-topmost []
PASS 1920x1080.open-btn_a.labels-unwrapped []
PASS 1920x1080.open-btn_a.no-page-or-pane-scroll [{"id":"HTML","width":1920,"height":1080,"clientWidth":1920,"clientHeight":1080,"top":0,"left":0},{"id":"BODY","width":1920,"height":1080,"clientWidth":1920,"clientHeight":1080,"top":0,"left":0},{"id":"tab-editor","width":1920,"height":907,"clientWidth":1920,"clientHeight":907,"top":0,"left":0},{"id":"controller-picture-scroll","width":1534,"height":822,"clientWidth":1534,"clientHeight":822,"top":0,"left":0}]
PASS 1920x1080.open-btn_a.card-inside-pane {"x":1570,"y":212.5,"right":1900,"bottom":1034}
PASS 1920x1080.open-nearest-right_pad.23-labels ["btn_a","btn_b","btn_x","btn_y","dpad_down","dpad_left","dpad_right","dpad_up","gyro","l1","l2","l4","l5","left_pad","left_stick","r1","r2","r4","r5","right_pad","right_stick","select","start"]
PASS 1920x1080.open-nearest-right_pad.23-leaders ["btn_a","btn_b","btn_x","btn_y","dpad_down","dpad_left","dpad_right","dpad_up","gyro","l1","l2","l4","l5","left_pad","left_stick","r1","r2","r4","r5","right_pad","right_stick","select","start"]
PASS 1920x1080.open-nearest-right_pad.23-shapes ["btn_a","btn_b","btn_x","btn_y","dpad_down","dpad_left","dpad_right","dpad_up","gyro","l1","l2","l4","l5","left_pad","left_stick","r1","r2","r4","r5","right_pad","right_stick","select","start"]
PASS 1920x1080.open-nearest-right_pad.23-arrowheads ["btn_a","btn_b","btn_x","btn_y","dpad_down","dpad_left","dpad_right","dpad_up","gyro","l1","l2","l4","l5","left_pad","left_stick","r1","r2","r4","r5","right_pad","right_stick","select","start"]
PASS 1920x1080.open-nearest-right_pad.label-overlaps []
FAIL 1920x1080.open-nearest-right_pad.leader-intersections [["btn_a","btn_b"],["btn_b","btn_x"],["dpad_down","dpad_right"]]
FAIL 1920x1080.open-nearest-right_pad.own-edge.btn_a {"distance":42.5961053636033,"insideOther":[],"end":{"x":1248.0144508528883,"y":509.66102353209703}}
PASS 1920x1080.open-nearest-right_pad.glyph-clear.btn_a []
PASS 1920x1080.open-nearest-right_pad.leader-visible.btn_a {"points":[{"x":1436.3444052740315,"y":578.1274696034527},{"x":1248.0144508528883,"y":509.66102353209703}]}
FAIL 1920x1080.open-nearest-right_pad.own-edge.btn_b {"distance":19.866714690962606,"insideOther":["btn_a"],"end":{"x":1207.8388302099966,"y":541.5716550692445}}
PASS 1920x1080.open-nearest-right_pad.glyph-clear.btn_b []
PASS 1920x1080.open-nearest-right_pad.leader-visible.btn_b {"points":[{"x":1404.6240875912408,"y":527.8851915345574},{"x":1207.8388302099966,"y":541.5716550692445}]}
PASS 1920x1080.open-nearest-right_pad.own-edge.btn_x {"distance":0.000001485040229454171,"insideOther":[],"end":{"x":1167.6633315631652,"y":512.0447655559456}}
PASS 1920x1080.open-nearest-right_pad.glyph-clear.btn_x []
PASS 1920x1080.open-nearest-right_pad.leader-visible.btn_x {"points":[{"x":1446.8893787541817,"y":648.4346837324528},{"x":1167.6633315631652,"y":512.0447655559456}]}
PASS 1920x1080.open-nearest-right_pad.own-edge.btn_y {"distance":0.00003697750344144879,"insideOther":[],"end":{"x":1207.8388302099966,"y":461.88417909905274}}
PASS 1920x1080.open-nearest-right_pad.glyph-clear.btn_y []
PASS 1920x1080.open-nearest-right_pad.leader-visible.btn_y {"points":[{"x":1404.6240875912408,"y":455.04096258121683},{"x":1207.8388302099966,"y":461.88417909905274}]}
PASS 1920x1080.open-nearest-right_pad.own-edge.dpad_up {"distance":0.0000035826596445076575,"insideOther":[],"end":{"x":369.17431998890964,"y":560.8072009121415}}
PASS 1920x1080.open-nearest-right_pad.glyph-clear.dpad_up []
PASS 1920x1080.open-nearest-right_pad.leader-visible.dpad_up {"points":[{"x":169.37591240875906,"y":533.7099544404487},{"x":369.17431998890964,"y":560.8072009121415}]}
PASS 1920x1080.open-nearest-right_pad.own-edge.dpad_down {"distance":0.0000035826596445076575,"insideOther":[],"end":{"x":369.17431998890964,"y":644.6230998166866}}
PASS 1920x1080.open-nearest-right_pad.glyph-clear.dpad_down []
PASS 1920x1080.open-nearest-right_pad.leader-visible.dpad_down {"points":[{"x":169.37591240875906,"y":660.603516274705},{"x":369.17431998890964,"y":644.6230998166866}]}
PASS 1920x1080.open-nearest-right_pad.own-edge.dpad_left {"distance":0.00001059947504700176,"insideOther":[],"end":{"x":330.0031539100219,"y":602.6753643991883}}
PASS 1920x1080.open-nearest-right_pad.glyph-clear.dpad_left []
PASS 1920x1080.open-nearest-right_pad.leader-visible.dpad_left {"points":[{"x":169.37591240875906,"y":597.4846760176683},{"x":330.0031539100219,"y":602.6753643991883}]}
FAIL 1920x1080.open-nearest-right_pad.own-edge.dpad_right {"distance":0.000010042584960956447,"insideOther":["dpad_down"],"end":{"x":394.28403714219434,"y":615.8994323656216}}
PASS 1920x1080.open-nearest-right_pad.glyph-clear.dpad_right []
PASS 1920x1080.open-nearest-right_pad.leader-visible.dpad_right {"points":[{"x":133.06542432743262,"y":722.759441626333},{"x":394.28403714219434,"y":615.8994323656216}]}
PASS 1920x1080.open-nearest-right_pad.own-edge.left_stick {"distance":0.000013625244662307523,"insideOther":[],"end":{"x":422.4069044943853,"y":492.41389147904664}}
PASS 1920x1080.open-nearest-right_pad.glyph-clear.left_stick []
PASS 1920x1080.open-nearest-right_pad.leader-visible.left_stick {"points":[{"x":169.37591240875906,"y":461.4357520797247},{"x":422.4069044943853,"y":492.41389147904664}]}
PASS 1920x1080.open-nearest-right_pad.own-edge.right_stick {"distance":0.00003616073126977426,"insideOther":[],"end":{"x":1131.5052851841688,"y":523.8890885773076}}
PASS 1920x1080.open-nearest-right_pad.glyph-clear.right_stick []
PASS 1920x1080.open-nearest-right_pad.leader-visible.right_stick {"points":[{"x":1452.8566940567498,"y":718.7418673624377},{"x":1131.5052851841688,"y":523.8890885773076}]}
PASS 1920x1080.open-nearest-right_pad.own-edge.l1 {"distance":0.0000019305523437651573,"insideOther":[],"end":{"x":423.7430663468483,"y":398.2669391864117}}
PASS 1920x1080.open-nearest-right_pad.glyph-clear.l1 []
PASS 1920x1080.open-nearest-right_pad.leader-visible.l1 {"points":[{"x":405.52112477249176,"y":245.47992700729927},{"x":423.7430663468483,"y":398.2669391864117}]}
PASS 1920x1080.open-nearest-right_pad.own-edge.r1 {"distance":0.0000019305523437651573,"insideOther":[],"end":{"x":1150.2569336531515,"y":398.2669391864117}}
PASS 1920x1080.open-nearest-right_pad.glyph-clear.r1 []
PASS 1920x1080.open-nearest-right_pad.leader-visible.r1 {"points":[{"x":1168.478875227508,"y":245.47992700729927},{"x":1150.2569336531515,"y":398.2669391864117}]}
PASS 1920x1080.open-nearest-right_pad.own-edge.l2 {"distance":0.00001676239236303445,"insideOther":[],"end":{"x":363.7580608915528,"y":354.07383577667014}}
PASS 1920x1080.open-nearest-right_pad.glyph-clear.l2 []
PASS 1920x1080.open-nearest-right_pad.leader-visible.l2 {"points":[{"x":174.3666949956666,"y":245.47992700729927},{"x":363.7580608915528,"y":354.07383577667014}]}
PASS 1920x1080.open-nearest-right_pad.own-edge.r2 {"distance":0.00001676239236303445,"insideOther":[],"end":{"x":1210.241908609432,"y":354.07383577667014}}
PASS 1920x1080.open-nearest-right_pad.glyph-clear.r2 []
PASS 1920x1080.open-nearest-right_pad.leader-visible.r2 {"points":[{"x":1399.633350752856,"y":245.47992700729927},{"x":1210.241908609432,"y":354.07383577667014}]}
PASS 1920x1080.open-nearest-right_pad.own-edge.l4 {"distance":0.000028995411867072107,"insideOther":[],"end":{"x":432.25491448098427,"y":780.9389968834944}}
PASS 1920x1080.open-nearest-right_pad.glyph-clear.l4 []
PASS 1920x1080.open-nearest-right_pad.leader-visible.l4 {"points":[{"x":190.25698686400173,"y":1001.0200729927008},{"x":432.25491448098427,"y":780.9389968834944}]}
PASS 1920x1080.open-nearest-right_pad.own-edge.l5 {"distance":0.00002569119715190027,"insideOther":[],"end":{"x":447.88535474048615,"y":851.2462415115097}}
PASS 1920x1080.open-nearest-right_pad.glyph-clear.l5 []
PASS 1920x1080.open-nearest-right_pad.leader-visible.l5 {"points":[{"x":477.42953719535876,"y":1001.0200729927008},{"x":447.88535474048615,"y":851.2462415115097}]}
PASS 1920x1080.open-nearest-right_pad.own-edge.r4 {"distance":0.000028995411867072107,"insideOther":[],"end":{"x":1141.745146517046,"y":780.9389968834944}}
PASS 1920x1080.open-nearest-right_pad.glyph-clear.r4 []
PASS 1920x1080.open-nearest-right_pad.leader-visible.r4 {"points":[{"x":1383.7429978864905,"y":1001.0200729927008},{"x":1141.745146517046,"y":780.9389968834944}]}
PASS 1920x1080.open-nearest-right_pad.own-edge.r5 {"distance":0.00002569119715190027,"insideOther":[],"end":{"x":1126.1146452595137,"y":851.2462415115097}}
PASS 1920x1080.open-nearest-right_pad.glyph-clear.r5 []
PASS 1920x1080.open-nearest-right_pad.leader-visible.r5 {"points":[{"x":1096.5704933036561,"y":1001.0200729927008},{"x":1126.1146452595137,"y":851.2462415115097}]}
PASS 1920x1080.open-nearest-right_pad.own-edge.start {"distance":0.0000570255474485748,"insideOther":[],"end":{"x":1101.373600201015,"y":415.448650852027}}
PASS 1920x1080.open-nearest-right_pad.glyph-clear.start []
PASS 1920x1080.open-nearest-right_pad.leader-visible.start {"points":[{"x":929.8808710696923,"y":245.47992700729927},{"x":1101.373600201015,"y":415.448650852027}]}
PASS 1920x1080.open-nearest-right_pad.own-edge.select {"distance":0.000003972482886638318,"insideOther":[],"end":{"x":472.6263388009546,"y":415.448650852027}}
PASS 1920x1080.open-nearest-right_pad.glyph-clear.select []
PASS 1920x1080.open-nearest-right_pad.leader-visible.select {"points":[{"x":644.1191289303076,"y":245.47992700729927},{"x":472.6263388009546,"y":415.448650852027}]}
PASS 1920x1080.open-nearest-right_pad.own-edge.left_pad {"distance":0.000014312075791167445,"insideOther":[],"end":{"x":453.54295254449767,"y":660.8454954606773}}
PASS 1920x1080.open-nearest-right_pad.glyph-clear.left_pad []
PASS 1920x1080.open-nearest-right_pad.leader-visible.left_pad {"points":[{"x":132.540345658351,"y":794.0710188222918},{"x":453.54295254449767,"y":660.8454954606773}]}
PASS 1920x1080.open-nearest-right_pad.own-edge.right_pad {"distance":0.00004670451721722202,"insideOther":[],"end":{"x":1120.4570779545172,"y":660.3149650926428}}
PASS 1920x1080.open-nearest-right_pad.glyph-clear.right_pad []
PASS 1920x1080.open-nearest-right_pad.leader-visible.right_pad {"points":[{"x":1440.330870542503,"y":789.049111990453},{"x":1120.4570779545172,"y":660.3149650926428}]}
PASS 1920x1080.open-nearest-right_pad.own-edge.gyro {"distance":0.00001028390408919222,"insideOther":[],"end":{"x":786.9999999999999,"y":867.3164775690603}}
PASS 1920x1080.open-nearest-right_pad.glyph-clear.gyro []
PASS 1920x1080.open-nearest-right_pad.leader-visible.gyro {"points":[{"x":786.9999999999999,"y":1001.0200729927008},{"x":786.9999999999999,"y":867.3164775690603}]}
PASS 1920x1080.open-nearest-right_pad.inside-visible-pane []
PASS 1920x1080.open-nearest-right_pad.labels-topmost []
PASS 1920x1080.open-nearest-right_pad.labels-unwrapped []
PASS 1920x1080.open-nearest-right_pad.no-page-or-pane-scroll [{"id":"HTML","width":1920,"height":1080,"clientWidth":1920,"clientHeight":1080,"top":0,"left":0},{"id":"BODY","width":1920,"height":1080,"clientWidth":1920,"clientHeight":1080,"top":0,"left":0},{"id":"tab-editor","width":1920,"height":907,"clientWidth":1920,"clientHeight":907,"top":0,"left":0},{"id":"controller-picture-scroll","width":1534,"height":822,"clientWidth":1534,"clientHeight":822,"top":0,"left":0}]
PASS 1920x1080.open-nearest-right_pad.card-inside-pane {"x":1570,"y":212.5,"right":1900,"bottom":1034}
PASS 1920x1080.drill.btn_a {"title":"A","hidden":false,"rows":["BTN_A","BTN_A_LAYER_2"]}
PASS 1920x1080.drill.btn_b {"title":"B","hidden":false,"rows":["BTN_B","BTN_B_LAYER_2"]}
PASS 1920x1080.drill.btn_x {"title":"X","hidden":false,"rows":["BTN_X","BTN_X_LAYER_2"]}
PASS 1920x1080.drill.btn_y {"title":"Y","hidden":false,"rows":["BTN_Y","BTN_Y_LAYER_2"]}
PASS 1920x1080.drill.dpad_up {"title":"D-pad Up","hidden":false,"rows":["DPAD_UP","DPAD_UP_LONG_PRESS"]}
PASS 1920x1080.drill.dpad_down {"title":"D-pad Down","hidden":false,"rows":["DPAD_DOWN","DPAD_DOWN_LONG_PRESS"]}
PASS 1920x1080.drill.dpad_left {"title":"D-pad Left","hidden":false,"rows":["DPAD_LEFT","DPAD_LEFT_LONG_PRESS"]}
PASS 1920x1080.drill.dpad_right {"title":"D-pad Right","hidden":false,"rows":["DPAD_RIGHT","DPAD_RIGHT_LONG_PRESS"]}
PASS 1920x1080.drill.left_stick {"title":"Left stick","hidden":false,"rows":["LEFT_STICK_CLICK_L3","L_STICK_UP","L_STICK_DOWN","L_STICK_LEFT","L_STICK_RIGHT","L_STICK_X_AXIS","L_STICK_Y_AXIS"]}
PASS 1920x1080.drill.right_stick {"title":"Right stick","hidden":false,"rows":["RIGHT_STICK_CLICK_R3","R_STICK_UP","R_STICK_DOWN","R_STICK_LEFT","R_STICK_RIGHT","R_STICK_X_AXIS","R_STICK_Y_AXIS"]}
PASS 1920x1080.drill.l1 {"title":"L1","hidden":false,"rows":["L1","L1_LAYER_2"]}
PASS 1920x1080.drill.r1 {"title":"R1","hidden":false,"rows":["R1","R1_LAYER_2"]}
PASS 1920x1080.drill.l2 {"title":"L2","hidden":false,"rows":["L2_SOFT","L2_FULL","L2_SOFT_LAYER_2","L2_FULL_LAYER_2","L_TRIGGER_PRESSURE"]}
PASS 1920x1080.drill.r2 {"title":"R2","hidden":false,"rows":["R2_SOFT","R2_FULL","R2_SOFT_LAYER_2","R2_FULL_LAYER_2","R_TRIGGER_PRESSURE"]}
PASS 1920x1080.drill.l4 {"title":"L4","hidden":false,"rows":["L4"]}
PASS 1920x1080.drill.l5 {"title":"L5","hidden":false,"rows":["L5"]}
PASS 1920x1080.drill.r4 {"title":"R4","hidden":false,"rows":["R4"]}
PASS 1920x1080.drill.r5 {"title":"R5","hidden":false,"rows":["R5"]}
PASS 1920x1080.drill.start {"title":"START","hidden":false,"rows":["START"]}
PASS 1920x1080.drill.select {"title":"SELECT","hidden":false,"rows":["SELECT"]}
PASS 1920x1080.drill.left_pad {"title":"Left trackpad","hidden":false,"rows":["L_PAD_UP","L_PAD_DOWN","L_PAD_LEFT","L_PAD_RIGHT","L_PAD_UP_LONG_PRESS","L_PAD_DOWN_LONG_PRESS","L_PAD_LEFT_LONG_PRESS","L_PAD_RIGHT_LONG_PRESS","L_PAD_X_POS","L_PAD_Y_POS"]}
PASS 1920x1080.drill.right_pad {"title":"Right trackpad","hidden":false,"rows":["R_PAD_UP","R_PAD_DOWN","R_PAD_LEFT","R_PAD_RIGHT","R_PAD_UP_LONG_PRESS","R_PAD_DOWN_LONG_PRESS","R_PAD_LEFT_LONG_PRESS","R_PAD_RIGHT_LONG_PRESS","R_PAD_X_POS","R_PAD_Y_POS"]}
PASS 1920x1080.drill.gyro {"title":"Gyro","hidden":false,"rows":["GYRO_FORWARD","GYRO_BACKWARD","GYRO_PITCH","GYRO_YAW","GYRO_ROLL"]}
SUMMARY 985/1048 PASS
